"_time",user,cmdline,name,"parent_name",pid,ppid,path,"parent_path",md5
"2024-02-02T18:10:07.000+0300",SYSTEM,"C:\Windows\winsxs\arm64_microsoft-windows-servicingstack_31bf3856ad364e35_10.0.22000.2592_none_827da31afefdabef\TiWorker.exe -Embedding"," "," ",4824,,"C:\Windows\WinSxS\arm64_microsoft-windows-servicingstack_31bf3856ad364e35_10.0.22000.2592_none_827da31afefdabef\TiWorker.exe",,be6fb50ecb25463395bea5e0e9f0ea70
"2024-02-02T18:10:07.000+0300",SYSTEM,"C:\Windows\servicing\TrustedInstaller.exe"," "," ",10816,,"C:\Windows\servicing\TrustedInstaller.exe",,5a34817882647d262ef514418a0b671b
"2024-02-02T18:10:07.000+0300",SYSTEM,"C:\Windows\system32\svchost.exe -k LocalSystemNetworkRestricted -s WPDBusEnum"," "," ",11452,,"C:\Windows\System32\svchost.exe",,5742c75eb1112c79085c05b69d75c404
"2024-02-02T18:10:07.000+0300",johndoe,"findstr  /v "".dll"""," "," ",5116,,"C:\Windows\System32\findstr.exe",,fa3b8a909fd5b8c22ce292adb392cd47
"2024-02-02T18:10:07.000+0300",johndoe,"C:\Windows\system32\cmd.exe  /S /D /c"" dir /s/b /A:-D RDCMan.settings == *.rdg == SCClient.exe == *_history == .sudo_as_admin_successful == .profile == *bashrc == httpd.conf == *.plan == .htpasswd == .git-credentials == *.rhosts == hosts.equiv == Dockerfile == docker-compose.yml == appcmd.exe == TypedURLs == TypedURLsTime == History == Bookmarks == Cookies == ""Login Data"" == places.sqlite == key3.db == key4.db == credentials == credentials.db == access_tokens.db == accessTokens.json == legacy_credentials == azureProfile.json == unattend.txt == access.log == error.log == *.gpg == *.pgp == *config*.php == elasticsearch.y*ml == kibana.y*ml == *.p12 == *.der == *.csr == *.cer == known_hosts == id_rsa == id_dsa == *.ovpn == anaconda-ks.cfg == hostapd.conf == rsyncd.conf == cesi.conf == supervisord.conf == tomcat-users.xml == *.kdbx == KeePass.config == Ntds.dit == SAM == SYSTEM == FreeSSHDservice.ini == sysprep.inf == sysprep.xml == unattend.xml == unattended.xml == *vnc*.ini == *vnc*.c*nf* == *vnc*.txt == *vnc*.xml == groups.xml == services.xml == scheduledtasks.xml == printers.xml == drives.xml == datasources.xml == php.ini == https.conf == https-xampp.conf == httpd.conf == my.ini == my.cnf == access.log == error.log == server.xml == SiteList.xml == ConsoleHost_history.txt == setupinfo == setupinfo.bak  2>nul"""," "," ",4280,,"C:\Windows\System32\cmd.exe",,455082d715fd23eac6e103ddb71528f3
"2024-02-02T18:10:07.000+0300",johndoe,"""C:\Windows\system32\cmd.exe"""," "," ",612,,"C:\Windows\System32\cmd.exe",,455082d715fd23eac6e103ddb71528f3
"2024-02-02T18:10:07.000+0300",johndoe,"""C:\Program Files\WindowsApps\Microsoft.WindowsNotepad_11.2312.18.0_arm64__8wekyb3d8bbwe\Notepad\Notepad.exe"" /SESSION:Saem5ic0QkWlqM51BQdAEwEiQwA6AFwAVQBzAGUAcgBzAFwAawBhAHAAYQBsAGEAawBhAFwAUABvAHcAZQByAFMAcABsAG8AaQB0AC4AcABzAGQAMQAAAAAAAAAAAAAAAAAAAAAAAAAAAAAAAAAAAAAAAAAAAAAAAAAAAAABBQAAAAHIDtwCAAAAAAAA"," "," ",9048,,"C:\Program Files\WindowsApps\Microsoft.WindowsNotepad_11.2312.18.0_arm64__8wekyb3d8bbwe\Notepad\Notepad.exe",,70e686815f5797e97489cf4e94df7722
"2024-02-02T18:10:07.000+0300",johndoe,"""C:\Program Files\WindowsApps\Microsoft.WindowsNotepad_11.2312.18.0_arm64__8wekyb3d8bbwe\Notepad\Notepad.exe"" ""C:\Users\johndoe\PowerSploit.psd1"""," "," ",1864,,"C:\Program Files\WindowsApps\Microsoft.WindowsNotepad_11.2312.18.0_arm64__8wekyb3d8bbwe\Notepad\Notepad.exe",,70e686815f5797e97489cf4e94df7722
"2024-02-02T18:10:07.000+0300",SYSTEM,"C:\Windows\system32\svchost.exe -k netsvcs -p -s wlidsvc"," "," ",4292,,"C:\Windows\System32\svchost.exe",,5742c75eb1112c79085c05b69d75c404
"2024-02-02T18:10:07.000+0300",SYSTEM,"""C:\Windows\System32\SearchProtocolHost.exe"" Global\UsGthrFltPipeMssGthrPipe3_ Global\UsGthrCtrlFltPipeMssGthrPipe3 1 -2147483646 ""Software\Microsoft\Windows Search"" ""Mozilla/4.0 (compatible; MSIE 6.0; Windows NT; MS Search 4.0 Robot)"" ""C:\ProgramData\Microsoft\Search\Data\Temp\usgthrsvc"" ""DownLevelDaemon"" "," "," ",2968,,"C:\Windows\System32\SearchProtocolHost.exe",,2b6af06ea72067ebd2a4f45c1bae5d3d
"2024-02-02T18:10:07.000+0300",SYSTEM,"""C:\Windows\SysWOW64\SearchFilterHost.exe"" 828 3140 3260 820 {85EE815A-7738-4808-A14A-3AD87E32A3BF}"," "," ",11080,,"C:\Windows\SysWOW64\SearchFilterHost.exe",,36f07f1d1dd48f0dbd1805ea0a79b1f1
"2024-02-02T18:25:14.000+0300",johndoe,"""C:\Program Files\WindowsApps\Microsoft.WindowsNotepad_11.2312.18.0_arm64__8wekyb3d8bbwe\Notepad\Notepad.exe"" ""C:\Users\johndoe\PowerSploit.psd1"""," "," ",11716,,"C:\Program Files\WindowsApps\Microsoft.WindowsNotepad_11.2312.18.0_arm64__8wekyb3d8bbwe\Notepad\Notepad.exe",,70e686815f5797e97489cf4e94df7722
"2024-02-02T18:25:14.000+0300","LOCAL SERVICE","C:\Windows\system32\wbem\wmiprvse.exe"," "," ",3500,,"C:\Windows\System32\wbem\WmiPrvSE.exe",,f81cc63d26d66e11e0a926fc16a1916b
"2024-02-02T18:25:14.000+0300",johndoe,powershell," "," ",1888,,"C:\Windows\System32\WindowsPowerShell\v1.0\powershell.exe",,e52a0f002aaf00f18a0af8ff4da5a889
"2024-02-02T18:25:14.000+0300",johndoe,"cmd.exe"," "," ",11696,,"C:\Windows\System32\cmd.exe",,455082d715fd23eac6e103ddb71528f3
"2024-02-02T18:25:14.000+0300",johndoe,"\??\C:\Windows\system32\conhost.exe 0x4"," "," ",3324,,"C:\Windows\System32\conhost.exe",,46fc791fab87c092834a6e0626c2f079
"2024-02-02T18:25:14.000+0300",johndoe,"""C:\Users\johndoe\Downloads\Invoice\Invoice\Invoice.pdf.exe"" "," "," ",11500,,"C:\Users\johndoe\Downloads\Invoice\Invoice\Invoice.pdf.exe",,34fe8093bc4ddceadb639d5edf28651f
"2024-02-02T18:25:14.000+0300",johndoe,"C:\Windows\System32\smartscreen.exe -Embedding"," "," ",8504,,"C:\Windows\System32\smartscreen.exe",,3c9555e0d039d2711729f665311aec58
"2024-02-02T18:25:14.000+0300",johndoe,"""C:\Windows\System32\SearchProtocolHost.exe"" Global\UsGthrFltPipeMssGthrPipe_S-1-5-21-640337451-2358132823-4071111388-4861795_ Global\UsGthrCtrlFltPipeMssGthrPipe_S-1-5-21-640337451-2358132823-4071111388-4861795 1 -2147483646 ""Software\Microsoft\Windows Search"" ""Mozilla/4.0 (compatible; MSIE 6.0; Windows NT; MS Search 4.0 Robot)"" ""C:\ProgramData\Microsoft\Search\Data\Temp\usgthrsvc"" ""DownLevelDaemon""  ""1"""," "," ",6696,,"C:\Windows\System32\SearchProtocolHost.exe",,2b6af06ea72067ebd2a4f45c1bae5d3d
"2024-02-02T18:25:14.000+0300",johndoe,powershell," "," ",10500,,"C:\Windows\System32\WindowsPowerShell\v1.0\powershell.exe",,e52a0f002aaf00f18a0af8ff4da5a889
"2024-02-02T18:25:14.000+0300",johndoe,powershell," "," ",6212,,"C:\Windows\System32\WindowsPowerShell\v1.0\powershell.exe",,e52a0f002aaf00f18a0af8ff4da5a889
"2024-02-02T18:25:14.000+0300",johndoe,"findstr  /v "".dll"""," "," ",4896,,"C:\Windows\System32\findstr.exe",,fa3b8a909fd5b8c22ce292adb392cd47
"2024-02-02T18:25:14.000+0300",johndoe,"cmd.exe"," "," ",920,,"C:\Windows\System32\cmd.exe",,455082d715fd23eac6e103ddb71528f3
"2024-02-02T18:25:14.000+0300",johndoe,"\??\C:\Windows\system32\conhost.exe 0x4"," "," ",10956,,"C:\Windows\System32\conhost.exe",,46fc791fab87c092834a6e0626c2f079
"2024-02-02T18:25:14.000+0300",SYSTEM,"C:\Windows\system32\svchost.exe -k wsappx -p -s AppXSvc"," "," ",10668,,"C:\Windows\System32\svchost.exe",,5742c75eb1112c79085c05b69d75c404
"2024-02-02T18:25:14.000+0300",SYSTEM,"C:\Windows\system32\svchost.exe -k netsvcs -p"," "," ",2976,,"C:\Windows\System32\svchost.exe",,5742c75eb1112c79085c05b69d75c404
"2024-02-02T18:25:14.000+0300",johndoe,"C:\Windows\system32\cmd.exe  /S /D /c"" dir /s/b /A:-D RDCMan.settings == *.rdg == SCClient.exe == *_history == .sudo_as_admin_successful == .profile == *bashrc == httpd.conf == *.plan == .htpasswd == .git-credentials == *.rhosts == hosts.equiv == Dockerfile == docker-compose.yml == appcmd.exe == TypedURLs == TypedURLsTime == History == Bookmarks == Cookies == ""Login Data"" == places.sqlite == key3.db == key4.db == credentials == credentials.db == access_tokens.db == accessTokens.json == legacy_credentials == azureProfile.json == unattend.txt == access.log == error.log == *.gpg == *.pgp == *config*.php == elasticsearch.y*ml == kibana.y*ml == *.p12 == *.der == *.csr == *.cer == known_hosts == id_rsa == id_dsa == *.ovpn == anaconda-ks.cfg == hostapd.conf == rsyncd.conf == cesi.conf == supervisord.conf == tomcat-users.xml == *.kdbx == KeePass.config == Ntds.dit == SAM == SYSTEM == FreeSSHDservice.ini == sysprep.inf == sysprep.xml == unattend.xml == unattended.xml == *vnc*.ini == *vnc*.c*nf* == *vnc*.txt == *vnc*.xml == groups.xml == services.xml == scheduledtasks.xml == printers.xml == drives.xml == datasources.xml == php.ini == https.conf == https-xampp.conf == httpd.conf == my.ini == my.cnf == access.log == error.log == server.xml == SiteList.xml == ConsoleHost_history.txt == setupinfo == setupinfo.bak  2>nul"""," "," ",8496,,"C:\Windows\System32\cmd.exe",,455082d715fd23eac6e103ddb71528f3
"2024-02-02T18:25:14.000+0300",SYSTEM,"C:\Windows\sysWOW64\wbem\wmiprvse.exe"," "," ",9848,,"C:\Windows\SysWOW64\wbem\WmiPrvSE.exe",,2c1e4feccef57399b8f277bb0072bbd8
"2024-02-02T18:25:14.000+0300","NETWORK SERVICE","C:\Windows\sysWOW64\wbem\wmiprvse.exe"," "," ",4852,,"C:\Windows\SysWOW64\wbem\WmiPrvSE.exe",,2c1e4feccef57399b8f277bb0072bbd8
"2024-02-02T18:25:14.000+0300",SYSTEM,"C:\Windows\System32\svchost.exe -k netsvcs -p -s BITS"," "," ",11728,,"C:\Windows\System32\svchost.exe",,5742c75eb1112c79085c05b69d75c404
"2024-02-02T18:25:14.000+0300",johndoe,"""C:\Windows\system32\cmd.exe"""," "," ",5348,,"C:\Windows\System32\cmd.exe",,455082d715fd23eac6e103ddb71528f3
"2024-02-02T18:25:14.000+0300",johndoe,"""C:\Windows\system32\cmd.exe"""," "," ",612,,"C:\Windows\System32\cmd.exe",,455082d715fd23eac6e103ddb71528f3
"2024-02-02T18:25:14.000+0300",johndoe,"""C:\Users\johndoe\Downloads\Invoice\Invoice\Invoice.pdf.exe"" "," "," ",10796,,"C:\Users\johndoe\Downloads\Invoice\Invoice\Invoice.pdf.exe",,34fe8093bc4ddceadb639d5edf28651f
"2024-02-02T18:00:05.000+0300","NETWORK SERVICE","C:\Windows\System32\svchost.exe -k NetworkService -p -s DoSvc"," "," ",4284,,"C:\Windows\System32\svchost.exe",,5742c75eb1112c79085c05b69d75c404
"2024-02-02T18:00:05.000+0300",johndoe,"""C:\Program Files\Mozilla Firefox\firefox.exe"" -contentproc --channel=9892 -childID 16 -isForBrowser -prefsHandle 9356 -prefMapHandle 8604 -prefsLen 30296 -prefMapSize 243188 -jsInitHandle 1512 -jsInitLen 235124 -parentBuildID 20240118164516 -appDir ""C:\Program Files\Mozilla Firefox\browser"" - {9fdca381-885a-4a95-9359-38c8bcf281b4} 8556 ""\\.\pipe\gecko-crash-server-pipe.8556"" 29d922c9f58 tab"," "," ",1540,,"C:\Program Files\Mozilla Firefox\firefox.exe",,a29f01819e9054f8db89a4c65d3eac17
"2024-02-02T18:00:05.000+0300",johndoe,"C:\Windows\system32\svchost.exe -k UnistackSvcGroup"," "," ",11504,,"C:\Windows\System32\svchost.exe",,5742c75eb1112c79085c05b69d75c404
"2024-02-02T18:00:05.000+0300","LOCAL SERVICE","C:\Windows\System32\svchost.exe -k LocalServiceNetworkRestricted -p -s wscsvc"," "," ",7944,,"C:\Windows\System32\svchost.exe",,5742c75eb1112c79085c05b69d75c404
"2024-02-02T18:00:05.000+0300",SYSTEM,"C:\Windows\System32\svchost.exe -k LocalSystemNetworkRestricted -p -s StorSvc"," "," ",7652,,"C:\Windows\System32\svchost.exe",,5742c75eb1112c79085c05b69d75c404
"2024-02-02T18:00:05.000+0300","NETWORK SERVICE","C:\Windows\system32\sppsvc.exe"," "," ",612,,"C:\Windows\System32\sppsvc.exe",,196b1861179c5b3e45430b47d71dcdd1
"2024-02-02T18:00:05.000+0300",SYSTEM,"C:\Windows\System32\svchost.exe -k netsvcs -p"," "," ",12284,,"C:\Windows\System32\svchost.exe",,5742c75eb1112c79085c05b69d75c404
"2024-02-02T18:00:05.000+0300",SYSTEM,"C:\Windows\winsxs\arm64_microsoft-windows-servicingstack_31bf3856ad364e35_10.0.22000.2592_none_827da31afefdabef\TiWorker.exe -Embedding"," "," ",12140,,"C:\Windows\WinSxS\arm64_microsoft-windows-servicingstack_31bf3856ad364e35_10.0.22000.2592_none_827da31afefdabef\TiWorker.exe",,be6fb50ecb25463395bea5e0e9f0ea70
"2024-02-02T18:00:05.000+0300",SYSTEM,"C:\Windows\system32\svchost.exe -k netsvcs -p -s wuauserv"," "," ",12068,,"C:\Windows\System32\svchost.exe",,5742c75eb1112c79085c05b69d75c404
"2024-02-02T18:00:05.000+0300",SYSTEM,"C:\Windows\uus\ARM64\MoUsoCoreWorker.exe"," "," ",12004,,"C:\Windows\UUS\arm64\MoUsoCoreWorker.exe",,c0b462b7832789b5dabd0ed44d88317e
"2024-02-02T18:00:05.000+0300",SYSTEM,"C:\Windows\system32\svchost.exe -k wusvcs -p -s WaaSMedicSvc"," "," ",11956,,"C:\Windows\System32\svchost.exe",,5742c75eb1112c79085c05b69d75c404
"2024-02-02T18:00:05.000+0300",SYSTEM,"C:\Windows\system32\svchost.exe -k netsvcs -p -s UsoSvc"," "," ",11916,,"C:\Windows\System32\svchost.exe",,5742c75eb1112c79085c05b69d75c404
"2024-02-02T18:00:05.000+0300",johndoe,"C:\Windows\system32\ApplicationFrameHost.exe -Embedding"," "," ",11664,,"C:\Windows\System32\ApplicationFrameHost.exe",,d3cb5ab70fb38cbcbb83da75ad4d42db
"2024-02-02T18:00:05.000+0300",johndoe,"""C:\Windows\ImmersiveControlPanel\SystemSettings.exe"" -ServerName:microsoft.windows.immersivecontrolpanel"," "," ",11656,,"C:\Windows\ImmersiveControlPanel\SystemSettings.exe",,31f71a3482c27d70b92e0b8ea6a7e318
"2024-02-02T18:00:05.000+0300",johndoe,"""C:\Program Files\Mozilla Firefox\firefox.exe"" -contentproc --channel=9616 -childID 15 -isForBrowser -prefsHandle 9524 -prefMapHandle 9528 -prefsLen 30296 -prefMapSize 243188 -jsInitHandle 1512 -jsInitLen 235124 -parentBuildID 20240118164516 -appDir ""C:\Program Files\Mozilla Firefox\browser"" - {0f009f43-5fba-4f7f-b62c-aff64573ce63} 8556 ""\\.\pipe\gecko-crash-server-pipe.8556"" 29d98e90d98 tab"," "," ",10424,,"C:\Program Files\Mozilla Firefox\firefox.exe",,a29f01819e9054f8db89a4c65d3eac17
"2024-02-02T18:00:05.000+0300",johndoe,"""C:\Program Files\Mozilla Firefox\firefox.exe"" -contentproc --channel=9432 -childID 14 -isForBrowser -prefsHandle 9140 -prefMapHandle 9144 -prefsLen 30296 -prefMapSize 243188 -jsInitHandle 1512 -jsInitLen 235124 -parentBuildID 20240118164516 -appDir ""C:\Program Files\Mozilla Firefox\browser"" - {e15b824e-b062-4ec7-8d1e-93cb3232eca2} 8556 ""\\.\pipe\gecko-crash-server-pipe.8556"" 29d98e90a18 tab"," "," ",10472,,"C:\Program Files\Mozilla Firefox\firefox.exe",,a29f01819e9054f8db89a4c65d3eac17
"2024-02-02T18:00:05.000+0300",johndoe,"""C:\Program Files\Mozilla Firefox\firefox.exe"" -contentproc --channel=5648 -childID 13 -isForBrowser -prefsHandle 7500 -prefMapHandle 8172 -prefsLen 30296 -prefMapSize 243188 -jsInitHandle 1512 -jsInitLen 235124 -parentBuildID 20240118164516 -appDir ""C:\Program Files\Mozilla Firefox\browser"" - {ae913bb4-8ee4-43fe-a428-d64e9984f96d} 8556 ""\\.\pipe\gecko-crash-server-pipe.8556"" 29d8d053bd8 tab"," "," ",9904,,"C:\Program Files\Mozilla Firefox\firefox.exe",,a29f01819e9054f8db89a4c65d3eac17
"2024-02-02T18:00:05.000+0300",johndoe,"""C:\Program Files\Mozilla Firefox\firefox.exe"" -contentproc --channel=9016 -childID 12 -isForBrowser -prefsHandle 9144 -prefMapHandle 9140 -prefsLen 30296 -prefMapSize 243188 -jsInitHandle 1512 -jsInitLen 235124 -parentBuildID 20240118164516 -appDir ""C:\Program Files\Mozilla Firefox\browser"" - {c29db802-8b8e-4fa8-a19e-525a49a08ccf} 8556 ""\\.\pipe\gecko-crash-server-pipe.8556"" 29d81fb2158 tab"," "," ",3184,,"C:\Program Files\Mozilla Firefox\firefox.exe",,a29f01819e9054f8db89a4c65d3eac17
"2024-02-02T18:00:05.000+0300",johndoe,"""C:\Program Files\Mozilla Firefox\firefox.exe"" -contentproc --channel=8572 -childID 11 -isForBrowser -prefsHandle 8040 -prefMapHandle 7912 -prefsLen 30296 -prefMapSize 243188 -jsInitHandle 1512 -jsInitLen 235124 -parentBuildID 20240118164516 -appDir ""C:\Program Files\Mozilla Firefox\browser"" - {d057c8f6-f9d2-48c7-9a10-d13d64586796} 8556 ""\\.\pipe\gecko-crash-server-pipe.8556"" 29d999f4698 tab"," "," ",9492,,"C:\Program Files\Mozilla Firefox\firefox.exe",,a29f01819e9054f8db89a4c65d3eac17
"2024-02-02T18:00:05.000+0300",johndoe,"""C:\Program Files\Mozilla Firefox\firefox.exe"" -contentproc --channel=8608 -childID 10 -isForBrowser -prefsHandle 8604 -prefMapHandle 7244 -prefsLen 30296 -prefMapSize 243188 -jsInitHandle 1512 -jsInitLen 235124 -parentBuildID 20240118164516 -appDir ""C:\Program Files\Mozilla Firefox\browser"" - {c7d1b608-ecfc-46ec-88a2-6239bc27fcb9} 8556 ""\\.\pipe\gecko-crash-server-pipe.8556"" 29d8e497858 tab"," "," ",9608,,"C:\Program Files\Mozilla Firefox\firefox.exe",,a29f01819e9054f8db89a4c65d3eac17
"2024-02-02T18:00:05.000+0300",johndoe,"""C:\Program Files\Mozilla Firefox\firefox.exe"" -contentproc --channel=8940 -childID 9 -isForBrowser -prefsHandle 4688 -prefMapHandle 7952 -prefsLen 30296 -prefMapSize 243188 -jsInitHandle 1512 -jsInitLen 235124 -parentBuildID 20240118164516 -appDir ""C:\Program Files\Mozilla Firefox\browser"" - {d54ae8ae-b220-461f-8921-ad15a2bd73a2} 8556 ""\\.\pipe\gecko-crash-server-pipe.8556"" 29d98ff9a18 tab"," "," ",7968,,"C:\Program Files\Mozilla Firefox\firefox.exe",,a29f01819e9054f8db89a4c65d3eac17
"2024-02-02T18:00:05.000+0300",johndoe,"""C:\Program Files\Mozilla Firefox\firefox.exe"" -contentproc --channel=8456 -childID 8 -isForBrowser -prefsHandle 8400 -prefMapHandle 8420 -prefsLen 30296 -prefMapSize 243188 -jsInitHandle 1512 -jsInitLen 235124 -parentBuildID 20240118164516 -appDir ""C:\Program Files\Mozilla Firefox\browser"" - {c793b582-f69b-464e-ad47-61f0a0d29a50} 8556 ""\\.\pipe\gecko-crash-server-pipe.8556"" 29da41f5158 tab"," "," ",2392,,"C:\Program Files\Mozilla Firefox\firefox.exe",,a29f01819e9054f8db89a4c65d3eac17
"2024-02-02T18:00:05.000+0300","LOCAL SERVICE","C:\Windows\system32\AUDIODG.EXE 0x00000000000004D4"," "," ",11132,,"C:\Windows\System32\audiodg.exe",,2d0349ef575bfabce3b8273159cacaf6
"2024-02-02T18:00:05.000+0300",SYSTEM,"C:\Windows\System32\svchost.exe -k netsvcs"," "," ",11108,,"C:\Windows\System32\svchost.exe",,5742c75eb1112c79085c05b69d75c404
"2024-02-02T18:00:05.000+0300","LOCAL SERVICE","C:\Windows\system32\svchost.exe -k LocalService -p -s SstpSvc"," "," ",10936,,"C:\Windows\System32\svchost.exe",,5742c75eb1112c79085c05b69d75c404
"2024-02-02T18:00:05.000+0300","LOCAL SERVICE","C:\Windows\system32\svchost.exe -k LocalService -p -s BthAvctpSvc"," "," ",10840,,"C:\Windows\System32\svchost.exe",,5742c75eb1112c79085c05b69d75c404
"2024-02-02T18:00:05.000+0300",johndoe,"C:\Windows\System32\SystemSettingsBroker.exe -Embedding"," "," ",10780,,"C:\Windows\System32\SystemSettingsBroker.exe",,cd37b3f0e5ebcd03e7bdb7ff23640b49
"2024-02-02T18:00:05.000+0300",johndoe,"C:\Windows\system32\svchost.exe -k LocalService -p -s NPSMSvc"," "," ",10696,,"C:\Windows\System32\svchost.exe",,5742c75eb1112c79085c05b69d75c404
"2024-02-02T18:00:05.000+0300",johndoe,"C:\Windows\System32\RuntimeBroker.exe -Embedding"," "," ",10660,,"C:\Windows\System32\RuntimeBroker.exe",,ed0c45fd8bfce48d6f62a0bdfc1991c1
"2024-02-02T18:00:05.000+0300",johndoe,"""C:\Windows\SystemApps\ShellExperienceHost_cw5n1h2txyewy\ShellExperienceHost.exe"" -ServerName:App.AppXtk181tbxbce2qsex02s8tw7hfxa9xb3t.mca"," "," ",10580,,"C:\Windows\SystemApps\ShellExperienceHost_cw5n1h2txyewy\ShellExperienceHost.exe",,78e0cdf98f90e4d12cd6818e0db59e6c
"2024-02-02T18:00:05.000+0300",johndoe,"""C:\Program Files\Mozilla Firefox\firefox.exe"" -contentproc --channel=4980 -parentBuildID 20240118164516 -sandboxingKind 1 -prefsHandle 6948 -prefMapHandle 6944 -prefsLen 36024 -prefMapSize 243188 -win32kLockedDown -appDir ""C:\Program Files\Mozilla Firefox\browser"" - {6ec3d2d1-9cc2-4311-9fe7-8538925a68ee} 8556 ""\\.\pipe\gecko-crash-server-pipe.8556"" 29d92269f18 utility"," "," ",5332,,"C:\Program Files\Mozilla Firefox\firefox.exe",,a29f01819e9054f8db89a4c65d3eac17
"2024-02-02T18:00:05.000+0300",johndoe,"""C:\Program Files\Mozilla Firefox\firefox.exe"" -contentproc --channel=7444 -parentBuildID 20240118164516 -prefsHandle 7520 -prefMapHandle 7624 -prefsLen 36024 -prefMapSize 243188 -appDir ""C:\Program Files\Mozilla Firefox\browser"" - {ab710b7c-6438-4acb-bb01-c68711dfd5de} 8556 ""\\.\pipe\gecko-crash-server-pipe.8556"" 29da2198a18 rdd"," "," ",9324,,"C:\Program Files\Mozilla Firefox\firefox.exe",,a29f01819e9054f8db89a4c65d3eac17
"2024-02-02T18:00:05.000+0300",johndoe,"""C:\Windows\CCM\SCNotification.exe"""," "," ",7720,,"C:\Windows\CCM\SCNotification.exe",,ff9695d74f6dc772382747ec04aa4f85
"2024-02-02T18:00:05.000+0300",johndoe,"""C:\Program Files\Mozilla Firefox\firefox.exe"" -contentproc --channel=7152 -childID 7 -isForBrowser -prefsHandle 7160 -prefMapHandle 7164 -prefsLen 30296 -prefMapSize 243188 -jsInitHandle 1512 -jsInitLen 235124 -parentBuildID 20240118164516 -appDir ""C:\Program Files\Mozilla Firefox\browser"" - {98c90975-2906-4f3c-bc20-b97b84369ce7} 8556 ""\\.\pipe\gecko-crash-server-pipe.8556"" 29d8e497a18 tab"," "," ",9360,,"C:\Program Files\Mozilla Firefox\firefox.exe",,a29f01819e9054f8db89a4c65d3eac17
"2024-02-02T18:00:05.000+0300",SYSTEM,"C:\Windows\system32\svchost.exe -k netsvcs -p -s wlidsvc"," "," ",10104,,"C:\Windows\System32\svchost.exe",,5742c75eb1112c79085c05b69d75c404
"2024-02-02T18:00:05.000+0300",johndoe,"""C:\Program Files\Mozilla Firefox\firefox.exe"" -contentproc --channel=6508 -childID 5 -isForBrowser -prefsHandle 6500 -prefMapHandle 6496 -prefsLen 30259 -prefMapSize 243188 -jsInitHandle 1512 -jsInitLen 235124 -parentBuildID 20240118164516 -appDir ""C:\Program Files\Mozilla Firefox\browser"" - {4609cd9c-3fdd-44f9-8cb1-b8905648e219} 8556 ""\\.\pipe\gecko-crash-server-pipe.8556"" 29da427da18 tab"," "," ",9600,,"C:\Program Files\Mozilla Firefox\firefox.exe",,a29f01819e9054f8db89a4c65d3eac17
"2024-02-02T18:00:05.000+0300",johndoe,"""C:\Program Files\Mozilla Firefox\firefox.exe"" -contentproc --channel=6192 -childID 4 -isForBrowser -prefsHandle 6200 -prefMapHandle 6204 -prefsLen 30259 -prefMapSize 243188 -jsInitHandle 1512 -jsInitLen 235124 -parentBuildID 20240118164516 -appDir ""C:\Program Files\Mozilla Firefox\browser"" - {bba2b814-448b-4de9-95a0-57fef0e6a16e} 8556 ""\\.\pipe\gecko-crash-server-pipe.8556"" 29da427d858 tab"," "," ",9584,,"C:\Program Files\Mozilla Firefox\firefox.exe",,a29f01819e9054f8db89a4c65d3eac17
"2024-02-02T18:00:05.000+0300",johndoe,"""C:\Program Files\Mozilla Firefox\firefox.exe"" -contentproc --channel=6096 -childID 3 -isForBrowser -prefsHandle 6028 -prefMapHandle 5968 -prefsLen 30259 -prefMapSize 243188 -jsInitHandle 1512 -jsInitLen 235124 -parentBuildID 20240118164516 -appDir ""C:\Program Files\Mozilla Firefox\browser"" - {8e2c2af5-7d94-4245-b975-074b19e5b950} 8556 ""\\.\pipe\gecko-crash-server-pipe.8556"" 29da427d698 tab"," "," ",9568,,"C:\Program Files\Mozilla Firefox\firefox.exe",,a29f01819e9054f8db89a4c65d3eac17
"2024-02-02T18:00:05.000+0300",johndoe,"""C:\Program Files\Mozilla Firefox\firefox.exe"" -contentproc --channel=5412 -parentBuildID 20240118164516 -sandboxingKind 0 -prefsHandle 5404 -prefMapHandle 5400 -prefsLen 35933 -prefMapSize 243188 -win32kLockedDown -appDir ""C:\Program Files\Mozilla Firefox\browser"" - {ad4dbf3b-89d3-4761-92ff-101430bb564e} 8556 ""\\.\pipe\gecko-crash-server-pipe.8556"" 29da0c31b18 utility"," "," ",8656,,"C:\Program Files\Mozilla Firefox\firefox.exe",,a29f01819e9054f8db89a4c65d3eac17
"2024-02-02T18:00:05.000+0300",johndoe,"""C:\Program Files\Mozilla Firefox\firefox.exe"" -contentproc --channel=1092 -childID 2 -isForBrowser -prefsHandle 4464 -prefMapHandle 4460 -prefsLen 35933 -prefMapSize 243188 -jsInitHandle 1512 -jsInitLen 235124 -parentBuildID 20240118164516 -appDir ""C:\Program Files\Mozilla Firefox\browser"" - {5a7ac7fa-d190-47c5-b7f2-3509e494b894} 8556 ""\\.\pipe\gecko-crash-server-pipe.8556"" 29d98ff9bd8 tab"," "," ",8256,,"C:\Program Files\Mozilla Firefox\firefox.exe",,a29f01819e9054f8db89a4c65d3eac17
"2024-02-02T18:00:05.000+0300",johndoe,"""C:\Program Files\Mozilla Firefox\firefox.exe"" -contentproc --channel=2908 -childID 1 -isForBrowser -prefsHandle 2532 -prefMapHandle 2508 -prefsLen 30701 -prefMapSize 243188 -jsInitHandle 1512 -jsInitLen 235124 -parentBuildID 20240118164516 -appDir ""C:\Program Files\Mozilla Firefox\browser"" - {ecc9dafa-7123-4245-8224-02788f9ece55} 8556 ""\\.\pipe\gecko-crash-server-pipe.8556"" 29d8d053d98 tab"," "," ",8948,,"C:\Program Files\Mozilla Firefox\firefox.exe",,a29f01819e9054f8db89a4c65d3eac17
"2024-02-02T18:00:05.000+0300",johndoe,"""C:\Users\johndoe\AppData\Local\Microsoft\OneDrive\OneDrive.exe"" /background"," "," ",8940,,"C:\Users\johndoe\AppData\Local\Microsoft\OneDrive\OneDrive.exe",,5ccac8c2f69120551589575965d0740b
"2024-02-02T18:00:05.000+0300",johndoe,"""C:\Program Files\Mozilla Firefox\firefox.exe"" -contentproc --channel=2208 -parentBuildID 20240118164516 -prefsHandle 2148 -prefMapHandle 2140 -prefsLen 30560 -prefMapSize 243188 -win32kLockedDown -appDir ""C:\Program Files\Mozilla Firefox\browser"" - {05491b92-e740-4f29-80c9-64b8a0b02b36} 8556 ""\\.\pipe\gecko-crash-server-pipe.8556"" 29dff27c718 socket"," "," ",8768,,"C:\Program Files\Mozilla Firefox\firefox.exe",,a29f01819e9054f8db89a4c65d3eac17
"2024-02-02T18:00:05.000+0300",johndoe,"""C:\Program Files\Mozilla Firefox\firefox.exe"""," "," ",8556,,"C:\Program Files\Mozilla Firefox\firefox.exe",,a29f01819e9054f8db89a4c65d3eac17
"2024-02-02T18:00:05.000+0300",SYSTEM,"C:\Windows\system32\SecurityHealthService.exe"," "," ",8456,,"C:\Windows\System32\SecurityHealthService.exe",,95644862ff68d62e142df0b3aa76fa48
"2024-02-02T18:00:05.000+0300",johndoe,"""C:\Windows\System32\SecurityHealthSystray.exe"" "," "," ",8436,,"C:\Windows\System32\SecurityHealthSystray.exe",,33bde2354fde739762c03fdc9399c2ab
"2024-02-02T18:00:05.000+0300",SYSTEM,"C:\Windows\sysWOW64\wbem\wmiprvse.exe"," "," ",8392,,"C:\Windows\SysWOW64\wbem\WmiPrvSE.exe",,2c1e4feccef57399b8f277bb0072bbd8
"2024-02-02T18:00:05.000+0300",SYSTEM,"""C:\Program Files (x86)\Microsoft Policy Platform\policyHost.exe"" /service"," "," ",8340,,"C:\Program Files (x86)\Microsoft Policy Platform\policyHost.exe",,7674582141c6d6da9a8e7a15440b4a19
"2024-02-02T18:00:05.000+0300","LOCAL SERVICE","C:\Windows\sysWOW64\wbem\wmiprvse.exe"," "," ",5964,,"C:\Windows\SysWOW64\wbem\WmiPrvSE.exe",,2c1e4feccef57399b8f277bb0072bbd8
"2024-02-02T18:00:05.000+0300",SYSTEM,"C:\Windows\sysWOW64\wbem\wmiprvse.exe"," "," ",6692,,"C:\Windows\SysWOW64\wbem\WmiPrvSE.exe",,2c1e4feccef57399b8f277bb0072bbd8
"2024-02-02T18:00:05.000+0300",SYSTEM,"C:\Windows\system32\wbem\WmiApSrv.exe"," "," ",7160,,"C:\Windows\System32\wbem\WmiApSrv.exe",,6266461a10631f2623b81be36c2b928e
"2024-02-02T18:00:05.000+0300",SYSTEM,"C:\Windows\system32\wbem\wmiprvse.exe"," "," ",8020,,"C:\Windows\System32\wbem\WmiPrvSE.exe",,f81cc63d26d66e11e0a926fc16a1916b
"2024-02-02T18:00:05.000+0300",johndoe,"""C:\Users\johndoe\AppData\Roaming\Telegram Desktop\Telegram.exe"" "," "," ",8112,,"C:\Users\johndoe\AppData\Roaming\Telegram Desktop\Telegram.exe",,""
"2024-02-02T18:00:05.000+0300",johndoe,"C:\Windows\System32\smartscreen.exe -Embedding"," "," ",8052,,"C:\Windows\System32\smartscreen.exe",,3c9555e0d039d2711729f665311aec58
"2024-02-02T18:00:05.000+0300",johndoe,"C:\Windows\System32\RuntimeBroker.exe -Embedding"," "," ",7932,,"C:\Windows\System32\RuntimeBroker.exe",,ed0c45fd8bfce48d6f62a0bdfc1991c1
"2024-02-02T18:00:05.000+0300",SYSTEM,"C:\Windows\sysWOW64\wbem\wmiprvse.exe"," "," ",7812,,"C:\Windows\SysWOW64\wbem\WmiPrvSE.exe",,2c1e4feccef57399b8f277bb0072bbd8
"2024-02-02T18:00:05.000+0300","LOCAL SERVICE","C:\Windows\sysWOW64\wbem\wmiprvse.exe"," "," ",7708,,"C:\Windows\SysWOW64\wbem\WmiPrvSE.exe",,2c1e4feccef57399b8f277bb0072bbd8
"2024-02-02T18:00:05.000+0300",SYSTEM,"C:\Windows\System32\svchost.exe -k netsvcs -p -s BITS"," "," ",7640,,"C:\Windows\System32\svchost.exe",,5742c75eb1112c79085c05b69d75c404
"2024-02-02T18:00:05.000+0300",johndoe,"""C:\Program Files\WindowsApps\MicrosoftWindows.Client.WebExperience_424.1301.40.0_arm64__cw5n1h2txyewy\Dashboard\Widgets.exe"" -ServerName:Microsoft.Windows.DashboardServer"," "," ",7520,,"C:\Program Files\WindowsApps\MicrosoftWindows.Client.WebExperience_424.1301.40.0_arm64__cw5n1h2txyewy\Dashboard\Widgets.exe",,f843f8225b056c3781c91ccb34d14e5c
"2024-02-02T18:00:05.000+0300",SYSTEM,"C:\Windows\System32\svchost.exe -k LocalSystemNetworkRestricted -p -s WdiSystemHost"," "," ",7496,,"C:\Windows\System32\svchost.exe",,5742c75eb1112c79085c05b69d75c404
"2024-02-02T18:00:05.000+0300",SYSTEM,"C:\Windows\sysWOW64\wbem\wmiprvse.exe"," "," ",7400,,"C:\Windows\SysWOW64\wbem\WmiPrvSE.exe",,2c1e4feccef57399b8f277bb0072bbd8
"2024-02-02T18:00:05.000+0300",johndoe,"""C:\Program Files\Parallels\Parallels Tools\prl_cc.exe"""," "," ",3932,,"C:\Program Files\Parallels\Parallels Tools\prl_cc.exe",,0b8f597c2f70eebccb54101fb6fbd109
"2024-02-02T18:00:05.000+0300",johndoe,"""ctfmon.exe"""," "," ",7084,,"C:\Windows\System32\ctfmon.exe",,0337bab216198688b7ba03874f026e4e
"2024-02-02T18:00:05.000+0300",SYSTEM,"C:\Windows\system32\SearchIndexer.exe /Embedding"," "," ",7076,,"C:\Windows\System32\SearchIndexer.exe",,b4b8483b822097d18c3b7ba12f931c13
"2024-02-02T18:00:05.000+0300",johndoe,"""C:\Program Files\WindowsApps\Microsoft.YourPhone_1.22052.136.0_x64__8wekyb3d8bbwe\YourPhone.exe"" -ServerName:App.AppX9yct9q388jvt4h7y0gn06smzkxcsnt8m.mca"," "," ",6912,,"C:\Program Files\WindowsApps\Microsoft.YourPhone_1.22052.136.0_x64__8wekyb3d8bbwe\YourPhone.exe",,6c6a2bfcea12ad414158a8a10ade3f9f
"2024-02-02T18:00:05.000+0300",johndoe,"C:\Windows\system32\DllHost.exe /Processid:{973D20D7-562D-44B9-B70B-5A0F49CCDF3F}"," "," ",6780,,"C:\Windows\System32\dllhost.exe",,169b37efe8a3bbebf93a8733b347f545
"2024-02-02T18:00:05.000+0300","LOCAL SERVICE","C:\Windows\System32\svchost.exe -k LocalService -p -s LicenseManager"," "," ",6540,,"C:\Windows\System32\svchost.exe",,5742c75eb1112c79085c05b69d75c404
"2024-02-02T18:00:05.000+0300",johndoe,"C:\Windows\System32\RuntimeBroker.exe -Embedding"," "," ",6256,,"C:\Windows\System32\RuntimeBroker.exe",,ed0c45fd8bfce48d6f62a0bdfc1991c1
"2024-02-02T18:00:05.000+0300",johndoe,"C:\Windows\system32\svchost.exe -k UdkSvcGroup -s UdkUserSvc"," "," ",6244,,"C:\Windows\System32\svchost.exe",,5742c75eb1112c79085c05b69d75c404
"2024-02-02T18:00:05.000+0300",johndoe,"C:\Windows\System32\RuntimeBroker.exe -Embedding"," "," ",6176,,"C:\Windows\System32\RuntimeBroker.exe",,ed0c45fd8bfce48d6f62a0bdfc1991c1
"2024-02-02T18:00:05.000+0300",SYSTEM,"C:\Windows\system32\svchost.exe -k osprivacy -p -s camsvc"," "," ",6148,,"C:\Windows\System32\svchost.exe",,5742c75eb1112c79085c05b69d75c404
"2024-02-02T18:00:05.000+0300",johndoe,"""C:\Windows\SystemApps\MicrosoftWindows.Client.CBS_cw5n1h2txyewy\SearchHost.exe"" -ServerName:CortanaUI.AppXstmwaab17q5s3y22tp6apqz7a45vwv65.mca"," "," ",2908,,"C:\Windows\SystemApps\MicrosoftWindows.Client.CBS_cw5n1h2txyewy\SearchHost.exe",,6de6176141590512bcb682633e10dc03
"2024-02-02T18:00:05.000+0300",johndoe,"""C:\Windows\SystemApps\Microsoft.Windows.StartMenuExperienceHost_cw5n1h2txyewy\StartMenuExperienceHost.exe"" -ServerName:App.AppXywbrabmsek0gm3tkwpr5kwzbs55tkqay.mca"," "," ",4348,,"C:\Windows\SystemApps\Microsoft.Windows.StartMenuExperienceHost_cw5n1h2txyewy\StartMenuExperienceHost.exe",,ef32bf38003eabd73d7a9036b714cdef
"2024-02-02T18:00:05.000+0300",SYSTEM,"C:\Windows\System32\svchost.exe -k wsappx -p -s ClipSVC"," "," ",6008,,"C:\Windows\System32\svchost.exe",,5742c75eb1112c79085c05b69d75c404
"2024-02-02T18:00:05.000+0300",SYSTEM,"C:\Windows\system32\svchost.exe -k netsvcs -p -s Appinfo"," "," ",5716,,"C:\Windows\System32\svchost.exe",,5742c75eb1112c79085c05b69d75c404
"2024-02-02T18:00:05.000+0300",johndoe,"C:\Windows\system32\svchost.exe -k ClipboardSvcGroup -p -s cbdhsvc"," "," ",5660,,"C:\Windows\System32\svchost.exe",,5742c75eb1112c79085c05b69d75c404
"2024-02-02T18:00:05.000+0300",SYSTEM,"C:\Windows\system32\svchost.exe -k LocalSystemNetworkRestricted -p -s PcaSvc"," "," ",5440,,"C:\Windows\System32\svchost.exe",,5742c75eb1112c79085c05b69d75c404
"2024-02-02T18:00:05.000+0300",johndoe,"C:\Windows\Explorer.EXE"," "," ",5380,,"C:\Windows\explorer.exe",,6736dafeb1ea4223e25733f95d280dae
"2024-02-02T18:00:05.000+0300",SYSTEM,"C:\Windows\system32\msiexec.exe /V"," "," ",5340,,"C:\Windows\System32\msiexec.exe",,5a1d884d107557e338e88ea946677e62
"2024-02-02T18:00:05.000+0300",SYSTEM,"C:\Windows\sysWOW64\wbem\wmiprvse.exe"," "," ",5220,,"C:\Windows\SysWOW64\wbem\WmiPrvSE.exe",,2c1e4feccef57399b8f277bb0072bbd8
"2024-02-02T18:00:05.000+0300","LOCAL SERVICE","C:\Windows\system32\svchost.exe -k LocalService -p -s CDPSvc"," "," ",1596,,"C:\Windows\System32\svchost.exe",,5742c75eb1112c79085c05b69d75c404
"2024-02-02T18:00:05.000+0300",SYSTEM,"C:\Windows\system32\svchost.exe -k netsvcs -p -s TokenBroker"," "," ",1028,,"C:\Windows\System32\svchost.exe",,5742c75eb1112c79085c05b69d75c404
"2024-02-02T18:00:05.000+0300",SYSTEM,"C:\Windows\CCM\CcmExec.exe"," "," ",716,,"C:\Windows\CCM\CcmExec.exe",,9e72dc23c2a55ce79fbed953fc77cd22
"2024-02-02T18:00:05.000+0300",johndoe,"taskhostw.exe {222A245B-E637-4AE9-A93F-A59CA119A75E}"," "," ",4340,,"C:\Windows\System32\taskhostw.exe",,6987b144e3ca5e8b9b01173667bf760f
"2024-02-02T18:00:05.000+0300",johndoe,"sihost.exe"," "," ",4288,,"C:\Windows\System32\sihost.exe",,4748c0628c0f52203f621a58a9d6f555
"2024-02-02T18:00:05.000+0300",johndoe,"C:\Windows\system32\svchost.exe -k UnistackSvcGroup -s WpnUserService"," "," ",4248,,"C:\Windows\System32\svchost.exe",,5742c75eb1112c79085c05b69d75c404
"2024-02-02T18:00:05.000+0300",johndoe,"C:\Windows\system32\svchost.exe -k PenService -s PenService"," "," ",5108,,"C:\Windows\System32\svchost.exe",,5742c75eb1112c79085c05b69d75c404
"2024-02-02T18:00:05.000+0300",johndoe,"C:\Windows\system32\svchost.exe -k UnistackSvcGroup -s CDPUserSvc"," "," ",4216,,"C:\Windows\System32\svchost.exe",,5742c75eb1112c79085c05b69d75c404
"2024-02-02T18:00:05.000+0300","LOCAL SERVICE","""C:\ProgramData\Microsoft\Windows Defender\Platform\4.18.23110.3-0\NisSrv.exe"""," "," ",4836,,"C:\ProgramData\Microsoft\Windows Defender\Platform\4.18.23110.3-0\NisSrv.exe",,be3a5c83f593019502aec3d447392c0c
"2024-02-02T18:00:05.000+0300","NETWORK SERVICE","C:\Windows\system32\wbem\wmiprvse.exe"," "," ",4472,,"C:\Windows\System32\wbem\WmiPrvSE.exe",,f81cc63d26d66e11e0a926fc16a1916b
"2024-02-02T18:00:05.000+0300",SYSTEM,"C:\Windows\system32\svchost.exe -k wsappx -p -s AppXSvc"," "," ",4872,,"C:\Windows\System32\svchost.exe",,5742c75eb1112c79085c05b69d75c404
"2024-02-02T18:00:05.000+0300","NETWORK SERVICE","C:\Windows\System32\msdtc.exe"," "," ",1572,,"C:\Windows\System32\msdtc.exe",,70b6fe08abbd9d29bdd3efab0f940232
"2024-02-02T18:00:05.000+0300","NETWORK SERVICE","dashost.exe {c5cd295d-2b56-4535-825f0b9dc2671c6f}"," "," ",3924,,"C:\Windows\System32\dasHost.exe",,3df6716543049ffa773d9565aa989097
"2024-02-02T18:00:05.000+0300",SYSTEM,"\??\C:\Windows\system32\conhost.exe 0x4"," "," ",768,,"C:\Windows\System32\conhost.exe",,46fc791fab87c092834a6e0626c2f079
"2024-02-02T18:00:05.000+0300",SYSTEM,"""C:\Program Files\osquery\osqueryd\osqueryd.exe"" ""--flagfile=C:\Program Files\osquery\osquery.flags"" "," "," ",1144,,"C:\Program Files\osquery\osqueryd\osqueryd.exe",,af5c74ac55605c3841ce8c49e6d28a13
"2024-02-02T18:00:05.000+0300",SYSTEM,"C:\Windows\system32\svchost.exe -k LocalSystemNetworkRestricted -p -s DeviceAssociationService"," "," ",3288,,"C:\Windows\System32\svchost.exe",,5742c75eb1112c79085c05b69d75c404
"2024-02-02T18:00:05.000+0300",SYSTEM,"C:\Windows\system32\vssvc.exe"," "," ",3944,,"C:\Windows\System32\VSSVC.exe",,fe322659cd0823fda6bb39dbc60b9571
"2024-02-02T18:00:05.000+0300",SYSTEM,"C:\Windows\system32\dllhost.exe /Processid:{02D4B3F1-FD88-11D1-960D-00805FC79235}"," "," ",3832,,"C:\Windows\System32\dllhost.exe",,169b37efe8a3bbebf93a8733b347f545
"2024-02-02T18:00:05.000+0300",SYSTEM,"coherence.exe agent"," "," ",3656,,"C:\Program Files\Parallels\Parallels Tools\Services\coherence.exe",,7f9c0ba45be82f7b5fe7c0e9588a7f3e
"2024-02-02T18:00:05.000+0300",SYSTEM,"""C:\Program Files\Parallels\Parallels Tools\Services\prl_tools.exe"""," "," ",3520,,"C:\Program Files\Parallels\Parallels Tools\Services\prl_tools.exe",,41cdc175283fa4c75fccc94d9d101b4a
"2024-02-02T18:00:05.000+0300",SYSTEM,"C:\Windows\system32\svchost.exe -k netsvcs -p -s WpnService"," "," ",3504,,"C:\Windows\System32\svchost.exe",,5742c75eb1112c79085c05b69d75c404
"2024-02-02T18:00:05.000+0300",SYSTEM,"C:\Windows\system32\dllhost.exe /Processid:{FDC091A7-C31C-4547-A245-4BE7CF2B92C1}"," "," ",3492,,"C:\Windows\System32\dllhost.exe",,169b37efe8a3bbebf93a8733b347f545
"2024-02-02T18:00:05.000+0300",SYSTEM,"C:\Windows\system32\svchost.exe -k netsvcs -p -s winmgmt"," "," ",3464,,"C:\Windows\System32\svchost.exe",,5742c75eb1112c79085c05b69d75c404
"2024-02-02T18:00:05.000+0300",SYSTEM,"""C:\ProgramData\Microsoft\Windows Defender\Platform\4.18.23110.3-0\MsMpEng.exe"""," "," ",3456,,"C:\ProgramData\Microsoft\Windows Defender\Platform\4.18.23110.3-0\MsMpEng.exe",,d21ece356e67a270950f2d2d1d441ad3
"2024-02-02T18:00:05.000+0300",SYSTEM,"""C:\Program Files\Parallels\Parallels Tools\Services\prl_tools_service.exe"""," "," ",3420,,"C:\Program Files\Parallels\Parallels Tools\Services\prl_tools_service.exe",,6aa530333dcc1e4334eb2102555bd0a1
"2024-02-02T18:00:05.000+0300",SYSTEM,"C:\Windows\system32\svchost.exe -k netsvcs -p -s LanmanServer"," "," ",3384,,"C:\Windows\System32\svchost.exe",,5742c75eb1112c79085c05b69d75c404
"2024-02-02T18:00:05.000+0300",SYSTEM,"""C:\Program Files\osquery\osqueryd\osqueryd.exe"" --flagfile=""C:\Program Files\osquery\osquery.flags"""," "," ",3372,,"C:\Program Files\osquery\osqueryd\osqueryd.exe",,af5c74ac55605c3841ce8c49e6d28a13
"2024-02-02T18:00:05.000+0300",SYSTEM,"""C:\Program Files\Parallels\Parallels Tools\Services\coherence.exe"""," "," ",3348,,"C:\Program Files\Parallels\Parallels Tools\Services\coherence.exe",,7f9c0ba45be82f7b5fe7c0e9588a7f3e
"2024-02-02T18:00:05.000+0300","LOCAL SERVICE","C:\Windows\System32\svchost.exe -k LocalServiceNoNetwork -p -s DPS"," "," ",3300,,"C:\Windows\System32\svchost.exe",,5742c75eb1112c79085c05b69d75c404
"2024-02-02T18:00:05.000+0300","NETWORK SERVICE","C:\Windows\system32\svchost.exe -k NetworkService -p"," "," ",3272,,"C:\Windows\System32\svchost.exe",,5742c75eb1112c79085c05b69d75c404
"2024-02-02T18:00:05.000+0300","NETWORK SERVICE","C:\Windows\System32\svchost.exe -k NetworkService -p -s LanmanWorkstation"," "," ",3144,,"C:\Windows\System32\svchost.exe",,5742c75eb1112c79085c05b69d75c404
"2024-02-02T18:00:05.000+0300",SYSTEM,"C:\Windows\System32\spoolsv.exe"," "," ",3108,,"C:\Windows\System32\spoolsv.exe",,078bef6efc6bd4edb2effac85c0dcc57
"2024-02-02T18:00:05.000+0300",SYSTEM,"C:\Windows\System32\svchost.exe -k netsvcs -p -s ShellHWDetection"," "," ",1284,,"C:\Windows\System32\svchost.exe",,5742c75eb1112c79085c05b69d75c404
"2024-02-02T18:00:05.000+0300","LOCAL SERVICE","C:\Windows\System32\svchost.exe -k LocalServiceNetworkRestricted -s RmSvc"," "," ",3060,,"C:\Windows\System32\svchost.exe",,5742c75eb1112c79085c05b69d75c404
"2024-02-02T18:00:05.000+0300",SYSTEM,"C:\Windows\system32\svchost.exe -k LocalSystemNetworkRestricted -p -s dot3svc"," "," ",3048,,"C:\Windows\System32\svchost.exe",,5742c75eb1112c79085c05b69d75c404
"2024-02-02T18:00:05.000+0300",SYSTEM,"C:\Windows\System32\svchost.exe -k netsvcs -p -s EapHost"," "," ",2944,,"C:\Windows\System32\svchost.exe",,5742c75eb1112c79085c05b69d75c404
"2024-02-02T18:00:05.000+0300","LOCAL SERVICE","C:\Windows\System32\svchost.exe -k LocalServiceNetworkRestricted -p"," "," ",2928,,"C:\Windows\System32\svchost.exe",,5742c75eb1112c79085c05b69d75c404
"2024-02-02T18:00:05.000+0300","LOCAL SERVICE","C:\Windows\System32\svchost.exe -k LocalServiceNetworkRestricted -p"," "," ",2872,,"C:\Windows\System32\svchost.exe",,5742c75eb1112c79085c05b69d75c404
"2024-02-02T18:00:05.000+0300",SYSTEM,"C:\Windows\system32\svchost.exe -k appmodel -p -s StateRepository"," "," ",2864,,"C:\Windows\System32\svchost.exe",,5742c75eb1112c79085c05b69d75c404
"2024-02-02T18:00:05.000+0300",SYSTEM,"C:\Windows\System32\svchost.exe -k LocalSystemNetworkRestricted -p -s AudioEndpointBuilder"," "," ",2776,,"C:\Windows\System32\svchost.exe",,5742c75eb1112c79085c05b69d75c404
"2024-02-02T18:00:05.000+0300",SYSTEM,"C:\Windows\system32\svchost.exe -k netsvcs -p -s SENS"," "," ",2744,,"C:\Windows\System32\svchost.exe",,5742c75eb1112c79085c05b69d75c404
"2024-02-02T18:00:05.000+0300",SYSTEM,""," "," ",2720,,MemCompression,,""
"2024-02-02T18:00:05.000+0300",SYSTEM,"C:\Windows\System32\svchost.exe -k netsvcs -p -s Themes"," "," ",2636,,"C:\Windows\System32\svchost.exe",,5742c75eb1112c79085c05b69d75c404
"2024-02-02T18:00:05.000+0300",SYSTEM,"C:\Windows\system32\svchost.exe -k LocalSystemNetworkRestricted -p -s SysMain"," "," ",2608,,"C:\Windows\System32\svchost.exe",,5742c75eb1112c79085c05b69d75c404
"2024-02-02T18:00:05.000+0300","LOCAL SERVICE","C:\Windows\system32\svchost.exe -k LocalService -p -s EventSystem"," "," ",2588,,"C:\Windows\System32\svchost.exe",,5742c75eb1112c79085c05b69d75c404
"2024-02-02T18:00:05.000+0300",SYSTEM,"C:\Windows\System32\svchost.exe -k NetSvcs -p -s iphlpsvc"," "," ",2508,,"C:\Windows\System32\svchost.exe",,5742c75eb1112c79085c05b69d75c404
"2024-02-02T18:00:05.000+0300",SYSTEM,"C:\Windows\system32\XtaCache.exe"," "," ",2452,,"C:\Windows\System32\XtaCache.exe",,8b149abe3ad003a2bec0c3356ddff892
"2024-02-02T18:00:05.000+0300","LOCAL SERVICE","C:\Windows\System32\svchost.exe -k LocalServiceNetworkRestricted -p -s EventLog"," "," ",2444,,"C:\Windows\System32\svchost.exe",,5742c75eb1112c79085c05b69d75c404
"2024-02-02T18:00:05.000+0300",SYSTEM,"C:\Windows\System32\svchost.exe -k LocalSystemNetworkRestricted -p -s TabletInputService"," "," ",2244,,"C:\Windows\System32\svchost.exe",,5742c75eb1112c79085c05b69d75c404
"2024-02-02T18:00:05.000+0300",SYSTEM,"C:\Windows\system32\svchost.exe -k netsvcs -p -s UserManager"," "," ",2116,,"C:\Windows\System32\svchost.exe",,5742c75eb1112c79085c05b69d75c404
"2024-02-02T18:00:05.000+0300","LOCAL SERVICE","C:\Windows\system32\svchost.exe -k LocalServiceNetworkRestricted -p -s WinHttpAutoProxySvc"," "," ",2060,,"C:\Windows\System32\svchost.exe",,5742c75eb1112c79085c05b69d75c404
"2024-02-02T18:00:05.000+0300","LOCAL SERVICE","C:\Windows\system32\svchost.exe -k LocalServiceNoNetworkFirewall -p"," "," ",1288,,"C:\Windows\System32\svchost.exe",,5742c75eb1112c79085c05b69d75c404
"2024-02-02T18:00:05.000+0300",SYSTEM,"C:\Windows\system32\svchost.exe -k LocalSystemNetworkRestricted -p -s hidserv"," "," ",1292,,"C:\Windows\System32\svchost.exe",,5742c75eb1112c79085c05b69d75c404
"2024-02-02T18:00:05.000+0300",SYSTEM,"C:\Windows\system32\svchost.exe -k netsvcs -p -s ProfSvc"," "," ",1972,,"C:\Windows\System32\svchost.exe",,5742c75eb1112c79085c05b69d75c404
"2024-02-02T18:00:05.000+0300","NETWORK SERVICE","C:\Windows\system32\svchost.exe -k NetworkService -p"," "," ",1796,,"C:\Windows\System32\svchost.exe",,5742c75eb1112c79085c05b69d75c404
"2024-02-02T18:00:05.000+0300","LOCAL SERVICE","C:\Windows\system32\svchost.exe -k LocalServiceNetworkRestricted -p -s TimeBrokerSvc"," "," ",1788,,"C:\Windows\System32\svchost.exe",,5742c75eb1112c79085c05b69d75c404
"2024-02-02T18:00:05.000+0300",SYSTEM,"C:\Windows\system32\svchost.exe -k netsvcs -p -s Schedule"," "," ",1780,,"C:\Windows\System32\svchost.exe",,5742c75eb1112c79085c05b69d75c404
"2024-02-02T18:00:05.000+0300",SYSTEM,"C:\Windows\System32\svchost.exe -k LocalSystemNetworkRestricted -p -s NcbService"," "," ",1764,,"C:\Windows\System32\svchost.exe",,5742c75eb1112c79085c05b69d75c404
"2024-02-02T18:00:05.000+0300","LOCAL SERVICE","C:\Windows\system32\svchost.exe -k LocalServiceNetworkRestricted -p -s Dhcp"," "," ",1684,,"C:\Windows\System32\svchost.exe",,5742c75eb1112c79085c05b69d75c404
"2024-02-02T18:00:05.000+0300","LOCAL SERVICE","C:\Windows\system32\svchost.exe -k LocalServiceNetworkRestricted -p"," "," ",1676,,"C:\Windows\System32\svchost.exe",,5742c75eb1112c79085c05b69d75c404
"2024-02-02T18:00:05.000+0300","NETWORK SERVICE","C:\Windows\System32\svchost.exe -k netprofm -p -s netprofm"," "," ",1668,,"C:\Windows\System32\svchost.exe",,5742c75eb1112c79085c05b69d75c404
"2024-02-02T18:00:05.000+0300","LOCAL SERVICE","C:\Windows\system32\svchost.exe -k LocalService -s W32Time"," "," ",1532,,"C:\Windows\System32\svchost.exe",,5742c75eb1112c79085c05b69d75c404
"2024-02-02T18:00:05.000+0300","LOCAL SERVICE","C:\Windows\System32\svchost.exe -k LocalServiceNetworkRestricted -p -s lmhosts"," "," ",1524,,"C:\Windows\System32\svchost.exe",,5742c75eb1112c79085c05b69d75c404
"2024-02-02T18:00:05.000+0300",SYSTEM,"C:\Windows\System32\svchost.exe -k netsvcs -p -s BDESVC"," "," ",1504,,"C:\Windows\System32\svchost.exe",,5742c75eb1112c79085c05b69d75c404
"2024-02-02T18:00:05.000+0300","LOCAL SERVICE","C:\Windows\system32\svchost.exe -k LocalService -p -s nsi"," "," ",1488,,"C:\Windows\System32\svchost.exe",,5742c75eb1112c79085c05b69d75c404
"2024-02-02T18:00:05.000+0300",SYSTEM,"C:\Windows\system32\svchost.exe -k netsvcs -p -s DsmSvc"," "," ",1480,,"C:\Windows\System32\svchost.exe",,5742c75eb1112c79085c05b69d75c404
"2024-02-02T18:00:05.000+0300","LOCAL SERVICE","C:\Windows\system32\svchost.exe -k LocalService -p -s DispBrokerDesktopSvc"," "," ",1468,,"C:\Windows\System32\svchost.exe",,5742c75eb1112c79085c05b69d75c404
"2024-02-02T18:00:05.000+0300",SYSTEM,"C:\Windows\system32\svchost.exe -k netsvcs -p -s gpsvc"," "," ",1460,,"C:\Windows\System32\svchost.exe",,5742c75eb1112c79085c05b69d75c404
"2024-02-02T18:00:05.000+0300",SYSTEM,"C:\Windows\servicing\TrustedInstaller.exe"," "," ",1228,,"C:\Windows\servicing\TrustedInstaller.exe",,5a34817882647d262ef514418a0b671b
"2024-02-02T18:00:05.000+0300","LOCAL SERVICE","C:\Windows\system32\svchost.exe -k LocalServiceNoNetwork -p"," "," ",1200,,"C:\Windows\System32\svchost.exe",,5742c75eb1112c79085c05b69d75c404
"2024-02-02T18:00:05.000+0300","LOCAL SERVICE","C:\Windows\system32\svchost.exe -k LocalService -p -s FontCache"," "," ",1164,,"C:\Windows\System32\svchost.exe",,5742c75eb1112c79085c05b69d75c404
"2024-02-02T18:00:05.000+0300","","""dwm.exe"""," "," ",1032,,"C:\Windows\System32\dwm.exe",,a1d33265d166a1f76fc3a01cc649680f
"2024-02-02T18:00:05.000+0300","","""fontdrvhost.exe"""," "," ",1012,,"C:\Windows\System32\fontdrvhost.exe",,9d6a1ddd7e6d3492092b99c94a8ed0f5
"2024-02-02T18:00:05.000+0300","","""fontdrvhost.exe"""," "," ",900,,"C:\Windows\System32\fontdrvhost.exe",,9d6a1ddd7e6d3492092b99c94a8ed0f5
"2024-02-02T18:00:05.000+0300",SYSTEM,"C:\Windows\system32\svchost.exe -k DcomLaunch -p -s LSM"," "," ",432,,"C:\Windows\System32\svchost.exe",,5742c75eb1112c79085c05b69d75c404
"2024-02-02T18:00:05.000+0300","NETWORK SERVICE","C:\Windows\system32\svchost.exe -k RPCSS -p"," "," ",996,,"C:\Windows\System32\svchost.exe",,5742c75eb1112c79085c05b69d75c404
"2024-02-02T18:00:05.000+0300","LOCAL SERVICE","""C:\Windows\System32\WUDFHost.exe"" -HostGUID:{193a1820-d9ac-4997-8c55-be817523f6aa} -IoEventPortName:\UMDFCommunicationPorts\WUDF\HostProcess-88a564a0-6aa7-495c-8530-e5e087be4c0c -SystemEventPortName:\UMDFCommunicationPorts\WUDF\HostProcess-53d2eedc-a8fc-4f28-8a75-2c7eefb9da07 -IoCancelEventPortName:\UMDFCommunicationPorts\WUDF\HostProcess-d2f8a144-b1e5-4334-89bc-8dcfa9d33c87 -NonStateChangingEventPortName:\UMDFCommunicationPorts\WUDF\HostProcess-1a1028b4-5ff4-4eba-a3d0-432c71d872cc -LifetimeId:758509e9-2ce0-48c1-98b9-b82647dcab91 -DeviceGroupId: -HostArg:0"," "," ",904,,"C:\Windows\System32\WUDFHost.exe",,3675aab1a9e22d7ebd96061f4b3d2b3b
"2024-02-02T18:00:05.000+0300",SYSTEM,"C:\Windows\system32\lsass.exe"," "," ",756,,"C:\Windows\System32\lsass.exe",,ef1c133b6d2876146a2927d60b1abaec
"2024-02-02T18:00:05.000+0300",SYSTEM,"wininit.exe"," "," ",600,,"C:\Windows\System32\wininit.exe",,de4cad7747014478920321e3bfca3c35
"2024-02-02T18:00:05.000+0300",SYSTEM,"%SystemRoot%\system32\csrss.exe ObjectDirectory=\Windows SharedSection=1024,20480,768 Windows=On SubSystemType=Windows ServerDll=basesrv,1 ServerDll=winsrv:UserServerDllInitialization,3 ServerDll=sxssrv,4 ProfileControl=Off MaxRequestThreads=16"," "," ",520,,"C:\Windows\System32\csrss.exe",,adb2c5bd781096d34a814e8bdc3b7383
"2024-02-02T18:00:05.000+0300",SYSTEM,"wininit.exe"," "," ",600,,"C:\Windows\System32\wininit.exe",,de4cad7747014478920321e3bfca3c35
"2024-02-02T18:00:05.000+0300",johndoe,"taskhostw.exe {222A245B-E637-4AE9-A93F-A59CA119A75E}"," "," ",1480,,"C:\Windows\System32\taskhostw.exe",,6987b144e3ca5e8b9b01173667bf760f
"2024-02-02T18:00:05.000+0300",johndoe,"taskhostw.exe"," "," ",912,,"C:\Windows\System32\taskhostw.exe",,6987b144e3ca5e8b9b01173667bf760f
"2024-02-02T18:00:05.000+0300",johndoe,"sihost.exe"," "," ",4744,,"C:\Windows\System32\sihost.exe",,4748c0628c0f52203f621a58a9d6f555
"2024-02-02T18:00:05.000+0300","NETWORK SERVICE","dashost.exe {5bfabd2c-e3b9-4036-be56c6ca386a9714}"," "," ",3892,,"C:\Windows\System32\dasHost.exe",,3df6716543049ffa773d9565aa989097
"2024-02-02T18:00:05.000+0300",SYSTEM,"coherence.exe agent"," "," ",3252,,"C:\Program Files\Parallels\Parallels Tools\Services\coherence.exe",,7f9c0ba45be82f7b5fe7c0e9588a7f3e
"2024-02-02T18:00:05.000+0300",SYSTEM,"\??\C:\Windows\system32\conhost.exe 0x4"," "," ",10080,,"C:\Windows\System32\conhost.exe",,46fc791fab87c092834a6e0626c2f079
"2024-02-02T18:00:05.000+0300",SYSTEM,"C:\Windows\winsxs\arm64_microsoft-windows-servicingstack_31bf3856ad364e35_10.0.22000.2592_none_827da31afefdabef\TiWorker.exe -Embedding"," "," ",7644,,"C:\Windows\WinSxS\arm64_microsoft-windows-servicingstack_31bf3856ad364e35_10.0.22000.2592_none_827da31afefdabef\TiWorker.exe",,be6fb50ecb25463395bea5e0e9f0ea70
"2024-02-02T18:00:05.000+0300",SYSTEM,"C:\Windows\uus\ARM64\MoUsoCoreWorker.exe"," "," ",2848,,"C:\Windows\UUS\arm64\MoUsoCoreWorker.exe",,c0b462b7832789b5dabd0ed44d88317e
"2024-02-02T18:00:05.000+0300","NETWORK SERVICE","C:\Windows\system32\wbem\wmiprvse.exe"," "," ",5016,,"C:\Windows\System32\wbem\WmiPrvSE.exe",,f81cc63d26d66e11e0a926fc16a1916b
"2024-02-02T18:00:05.000+0300",SYSTEM,"C:\Windows\system32\wbem\wmiprvse.exe"," "," ",3336,,"C:\Windows\System32\wbem\WmiPrvSE.exe",,f81cc63d26d66e11e0a926fc16a1916b
"2024-02-02T18:00:05.000+0300",SYSTEM,"C:\Windows\system32\vssvc.exe"," "," ",12008,,"C:\Windows\System32\VSSVC.exe",,fe322659cd0823fda6bb39dbc60b9571
"2024-02-02T18:00:05.000+0300",SYSTEM,"C:\Windows\system32\svchost.exe -k wsappx -p -s AppXSvc"," "," ",3048,,"C:\Windows\System32\svchost.exe",,5742c75eb1112c79085c05b69d75c404
"2024-02-02T18:00:05.000+0300",SYSTEM,"C:\Windows\system32\svchost.exe -k osprivacy -p -s camsvc"," "," ",5716,,"C:\Windows\System32\svchost.exe",,5742c75eb1112c79085c05b69d75c404
"2024-02-02T18:00:05.000+0300",SYSTEM,"C:\Windows\system32\svchost.exe -k netsvcs -p -s wuauserv"," "," ",8336,,"C:\Windows\System32\svchost.exe",,5742c75eb1112c79085c05b69d75c404
"2024-02-02T18:00:05.000+0300",SYSTEM,"C:\Windows\system32\svchost.exe -k netsvcs -p -s wlidsvc"," "," ",10380,,"C:\Windows\System32\svchost.exe",,5742c75eb1112c79085c05b69d75c404
"2024-02-02T18:00:05.000+0300",SYSTEM,"C:\Windows\system32\svchost.exe -k netsvcs -p -s winmgmt"," "," ",3164,,"C:\Windows\System32\svchost.exe",,5742c75eb1112c79085c05b69d75c404
"2024-02-02T18:00:05.000+0300",SYSTEM,"C:\Windows\system32\svchost.exe -k netsvcs -p -s lfsvc"," "," ",7980,,"C:\Windows\System32\svchost.exe",,5742c75eb1112c79085c05b69d75c404
"2024-02-02T18:00:05.000+0300",SYSTEM,"C:\Windows\system32\svchost.exe -k netsvcs -p -s gpsvc"," "," ",1092,,"C:\Windows\System32\svchost.exe",,5742c75eb1112c79085c05b69d75c404
"2024-02-02T18:00:05.000+0300",SYSTEM,"C:\Windows\system32\svchost.exe -k netsvcs -p -s WpnService"," "," ",3196,,"C:\Windows\System32\svchost.exe",,5742c75eb1112c79085c05b69d75c404
"2024-02-02T18:00:05.000+0300",SYSTEM,"C:\Windows\system32\svchost.exe -k netsvcs -p -s UsoSvc"," "," ",8552,,"C:\Windows\System32\svchost.exe",,5742c75eb1112c79085c05b69d75c404
"2024-02-02T18:00:05.000+0300",SYSTEM,"C:\Windows\system32\svchost.exe -k netsvcs -p -s UserManager"," "," ",1880,,"C:\Windows\System32\svchost.exe",,5742c75eb1112c79085c05b69d75c404
"2024-02-02T18:00:05.000+0300",SYSTEM,"C:\Windows\system32\svchost.exe -k netsvcs -p -s TokenBroker"," "," ",924,,"C:\Windows\System32\svchost.exe",,5742c75eb1112c79085c05b69d75c404
"2024-02-02T18:00:05.000+0300",SYSTEM,"C:\Windows\system32\svchost.exe -k netsvcs -p -s Schedule"," "," ",1344,,"C:\Windows\System32\svchost.exe",,5742c75eb1112c79085c05b69d75c404
"2024-02-02T18:00:05.000+0300",SYSTEM,"C:\Windows\system32\svchost.exe -k netsvcs -p -s SENS"," "," ",2356,,"C:\Windows\System32\svchost.exe",,5742c75eb1112c79085c05b69d75c404
"2024-02-02T18:00:05.000+0300",SYSTEM,"C:\Windows\system32\svchost.exe -k netsvcs -p -s ProfSvc"," "," ",1636,,"C:\Windows\System32\svchost.exe",,5742c75eb1112c79085c05b69d75c404
"2024-02-02T18:00:05.000+0300",SYSTEM,"C:\Windows\system32\svchost.exe -k netsvcs -p -s LanmanServer"," "," ",3136,,"C:\Windows\System32\svchost.exe",,5742c75eb1112c79085c05b69d75c404
"2024-02-02T18:00:05.000+0300",SYSTEM,"C:\Windows\system32\svchost.exe -k netsvcs -p -s Appinfo"," "," ",5660,,"C:\Windows\System32\svchost.exe",,5742c75eb1112c79085c05b69d75c404
"2024-02-02T18:00:05.000+0300",SYSTEM,"C:\Windows\system32\svchost.exe -k appmodel -p -s StateRepository"," "," ",2596,,"C:\Windows\System32\svchost.exe",,5742c75eb1112c79085c05b69d75c404
"2024-02-02T18:00:05.000+0300",SYSTEM,"C:\Windows\system32\svchost.exe -k WbioSvcGroup -s WbioSrvc"," "," ",12356,,"C:\Windows\System32\svchost.exe",,5742c75eb1112c79085c05b69d75c404
"2024-02-02T18:00:05.000+0300",johndoe,"C:\Windows\system32\svchost.exe -k UnistackSvcGroup -s WpnUserService"," "," ",4280,,"C:\Windows\System32\svchost.exe",,5742c75eb1112c79085c05b69d75c404
"2024-02-02T18:00:05.000+0300",johndoe,"C:\Windows\system32\svchost.exe -k UnistackSvcGroup -s CDPUserSvc"," "," ",4768,,"C:\Windows\System32\svchost.exe",,5742c75eb1112c79085c05b69d75c404
"2024-02-02T18:00:05.000+0300",johndoe,"C:\Windows\system32\svchost.exe -k UdkSvcGroup -s UdkUserSvc"," "," ",6224,,"C:\Windows\System32\svchost.exe",,5742c75eb1112c79085c05b69d75c404
"2024-02-02T18:00:05.000+0300","NETWORK SERVICE","C:\Windows\system32\svchost.exe -k RPCSS -p"," "," ",428,,"C:\Windows\System32\svchost.exe",,5742c75eb1112c79085c05b69d75c404
"2024-02-02T18:00:05.000+0300",johndoe,"C:\Windows\system32\svchost.exe -k PenService -s PenService"," "," ",4776,,"C:\Windows\System32\svchost.exe",,5742c75eb1112c79085c05b69d75c404
"2024-02-02T18:00:05.000+0300","NETWORK SERVICE","C:\Windows\system32\svchost.exe -k NetworkService -p"," "," ",2992,,"C:\Windows\System32\svchost.exe",,5742c75eb1112c79085c05b69d75c404
"2024-02-02T18:00:05.000+0300","NETWORK SERVICE","C:\Windows\system32\svchost.exe -k NetworkService -p"," "," ",1508,,"C:\Windows\System32\svchost.exe",,5742c75eb1112c79085c05b69d75c404
"2024-02-02T18:00:05.000+0300",SYSTEM,"C:\Windows\system32\svchost.exe -k LocalSystemNetworkRestricted -p -s hidserv"," "," ",1736,,"C:\Windows\System32\svchost.exe",,5742c75eb1112c79085c05b69d75c404
"2024-02-02T18:00:05.000+0300",SYSTEM,"C:\Windows\system32\svchost.exe -k LocalSystemNetworkRestricted -p -s dot3svc"," "," ",2800,,"C:\Windows\System32\svchost.exe",,5742c75eb1112c79085c05b69d75c404
"2024-02-02T18:00:05.000+0300",SYSTEM,"C:\Windows\system32\svchost.exe -k LocalSystemNetworkRestricted -p -s SysMain"," "," ",2236,,"C:\Windows\System32\svchost.exe",,5742c75eb1112c79085c05b69d75c404
"2024-02-02T18:00:05.000+0300",SYSTEM,"C:\Windows\system32\svchost.exe -k LocalSystemNetworkRestricted -p -s PcaSvc"," "," ",5528,,"C:\Windows\System32\svchost.exe",,5742c75eb1112c79085c05b69d75c404
"2024-02-02T18:00:05.000+0300",SYSTEM,"C:\Windows\system32\svchost.exe -k LocalSystemNetworkRestricted -p -s NgcSvc"," "," ",5776,,"C:\Windows\System32\svchost.exe",,5742c75eb1112c79085c05b69d75c404
"2024-02-02T18:00:05.000+0300",SYSTEM,"C:\Windows\system32\svchost.exe -k LocalSystemNetworkRestricted -p -s DisplayEnhancementService"," "," ",9108,,"C:\Windows\System32\svchost.exe",,5742c75eb1112c79085c05b69d75c404
"2024-02-02T18:00:05.000+0300",SYSTEM,"C:\Windows\system32\svchost.exe -k LocalSystemNetworkRestricted -p -s DeviceAssociationService"," "," ",3596,,"C:\Windows\System32\svchost.exe",,5742c75eb1112c79085c05b69d75c404
"2024-02-02T18:00:05.000+0300","LOCAL SERVICE","C:\Windows\system32\svchost.exe -k LocalServiceNoNetworkFirewall -p"," "," ",2000,,"C:\Windows\System32\svchost.exe",,5742c75eb1112c79085c05b69d75c404
"2024-02-02T18:00:05.000+0300","LOCAL SERVICE","C:\Windows\system32\svchost.exe -k LocalServiceNoNetwork -p"," "," ",2960,,"C:\Windows\System32\svchost.exe",,5742c75eb1112c79085c05b69d75c404
"2024-02-02T18:00:05.000+0300","LOCAL SERVICE","C:\Windows\system32\svchost.exe -k LocalServiceNetworkRestricted -p -s WinHttpAutoProxySvc"," "," ",1772,,"C:\Windows\System32\svchost.exe",,5742c75eb1112c79085c05b69d75c404
"2024-02-02T18:00:05.000+0300","LOCAL SERVICE","C:\Windows\system32\svchost.exe -k LocalServiceNetworkRestricted -p -s TimeBrokerSvc"," "," ",1456,,"C:\Windows\System32\svchost.exe",,5742c75eb1112c79085c05b69d75c404
"2024-02-02T18:00:05.000+0300","LOCAL SERVICE","C:\Windows\system32\svchost.exe -k LocalServiceNetworkRestricted -p -s NgcCtnrSvc"," "," ",12316,,"C:\Windows\System32\svchost.exe",,5742c75eb1112c79085c05b69d75c404
"2024-02-02T18:00:05.000+0300","LOCAL SERVICE","C:\Windows\system32\svchost.exe -k LocalServiceNetworkRestricted -p -s Dhcp"," "," ",1364,,"C:\Windows\System32\svchost.exe",,5742c75eb1112c79085c05b69d75c404
"2024-02-02T18:00:05.000+0300","LOCAL SERVICE","C:\Windows\system32\svchost.exe -k LocalServiceNetworkRestricted -p"," "," ",1356,,"C:\Windows\System32\svchost.exe",,5742c75eb1112c79085c05b69d75c404
"2024-02-02T18:00:05.000+0300","LOCAL SERVICE","C:\Windows\system32\svchost.exe -k LocalService -s W32Time"," "," ",1236,,"C:\Windows\System32\svchost.exe",,5742c75eb1112c79085c05b69d75c404
"2024-02-02T18:00:05.000+0300","LOCAL SERVICE","C:\Windows\system32\svchost.exe -k LocalService -p -s nsi"," "," ",1212,,"C:\Windows\System32\svchost.exe",,5742c75eb1112c79085c05b69d75c404
"2024-02-02T18:00:05.000+0300",johndoe,"C:\Windows\system32\svchost.exe -k LocalService -p -s NPSMSvc"," "," ",9100,,"C:\Windows\System32\svchost.exe",,5742c75eb1112c79085c05b69d75c404
"2024-02-02T18:00:05.000+0300","LOCAL SERVICE","C:\Windows\system32\svchost.exe -k LocalService -p -s FontCache"," "," ",2388,,"C:\Windows\System32\svchost.exe",,5742c75eb1112c79085c05b69d75c404
"2024-02-02T18:00:05.000+0300","LOCAL SERVICE","C:\Windows\system32\svchost.exe -k LocalService -p -s EventSystem"," "," ",2252,,"C:\Windows\System32\svchost.exe",,5742c75eb1112c79085c05b69d75c404
"2024-02-02T18:00:05.000+0300","LOCAL SERVICE","C:\Windows\system32\svchost.exe -k LocalService -p -s DispBrokerDesktopSvc"," "," ",4108,,"C:\Windows\System32\svchost.exe",,5742c75eb1112c79085c05b69d75c404
"2024-02-02T18:00:05.000+0300","LOCAL SERVICE","C:\Windows\system32\svchost.exe -k LocalService -p -s CDPSvc"," "," ",4568,,"C:\Windows\System32\svchost.exe",,5742c75eb1112c79085c05b69d75c404
"2024-02-02T18:00:05.000+0300","LOCAL SERVICE","C:\Windows\system32\svchost.exe -k LocalService -p -s BthAvctpSvc"," "," ",3264,,"C:\Windows\System32\svchost.exe",,5742c75eb1112c79085c05b69d75c404
"2024-02-02T18:00:05.000+0300",SYSTEM,"C:\Windows\system32\svchost.exe -k DcomLaunch -p -s LSM"," "," ",472,,"C:\Windows\System32\svchost.exe",,5742c75eb1112c79085c05b69d75c404
"2024-02-02T18:00:05.000+0300",johndoe,"C:\Windows\system32\svchost.exe -k ClipboardSvcGroup -p -s cbdhsvc"," "," ",5896,,"C:\Windows\System32\svchost.exe",,5742c75eb1112c79085c05b69d75c404
"2024-02-02T18:00:05.000+0300",SYSTEM,"C:\Windows\system32\lsass.exe"," "," ",764,,"C:\Windows\System32\lsass.exe",,ef1c133b6d2876146a2927d60b1abaec
"2024-02-02T18:00:05.000+0300",SYSTEM,"C:\Windows\system32\dllhost.exe /Processid:{FDC091A7-C31C-4547-A245-4BE7CF2B92C1}"," "," ",3084,,"C:\Windows\System32\dllhost.exe",,169b37efe8a3bbebf93a8733b347f545
"2024-02-02T18:00:05.000+0300",SYSTEM,"C:\Windows\system32\dllhost.exe /Processid:{02D4B3F1-FD88-11D1-960D-00805FC79235}"," "," ",3412,,"C:\Windows\System32\dllhost.exe",,169b37efe8a3bbebf93a8733b347f545
"2024-02-02T18:00:05.000+0300",SYSTEM,"C:\Windows\system32\XtaCache.exe"," "," ",2140,,"C:\Windows\System32\XtaCache.exe",,8b149abe3ad003a2bec0c3356ddff892
"2024-02-02T18:00:05.000+0300",SYSTEM,"C:\Windows\system32\SecurityHealthService.exe"," "," ",1828,,"C:\Windows\System32\SecurityHealthService.exe",,95644862ff68d62e142df0b3aa76fa48
"2024-02-02T18:00:05.000+0300",SYSTEM,"C:\Windows\system32\SearchIndexer.exe /Embedding"," "," ",6112,,"C:\Windows\System32\SearchIndexer.exe",,b4b8483b822097d18c3b7ba12f931c13
"2024-02-02T18:00:05.000+0300",johndoe,"C:\Windows\system32\DllHost.exe /Processid:{AB8902B4-09CA-4BB6-B78D-A8F59079A8D5}"," "," ",4712,,"C:\Windows\System32\dllhost.exe",,169b37efe8a3bbebf93a8733b347f545
"2024-02-02T18:00:05.000+0300",johndoe,"C:\Windows\system32\DllHost.exe /Processid:{973D20D7-562D-44B9-B70B-5A0F49CCDF3F}"," "," ",6456,,"C:\Windows\System32\dllhost.exe",,169b37efe8a3bbebf93a8733b347f545
"2024-02-02T18:00:05.000+0300",johndoe,"C:\Windows\system32\DllHost.exe /Processid:{7EAD5C10-8B3F-11E6-AE22-56B6B6499611}"," "," ",12896,,"C:\Windows\System32\dllhost.exe",,169b37efe8a3bbebf93a8733b347f545
"2024-02-02T18:00:05.000+0300",johndoe,"C:\Windows\system32\ApplicationFrameHost.exe -Embedding"," "," ",9220,,"C:\Windows\System32\ApplicationFrameHost.exe",,d3cb5ab70fb38cbcbb83da75ad4d42db
"2024-02-02T18:00:05.000+0300","LOCAL SERVICE","C:\Windows\system32\AUDIODG.EXE 0x000000000000044C"," "," ",1172,,"C:\Windows\System32\audiodg.exe",,2d0349ef575bfabce3b8273159cacaf6
"2024-02-02T18:00:05.000+0300",SYSTEM,"C:\Windows\sysWOW64\wbem\wmiprvse.exe"," "," ",7680,,"C:\Windows\SysWOW64\wbem\WmiPrvSE.exe",,2c1e4feccef57399b8f277bb0072bbd8
"2024-02-02T18:00:05.000+0300","LOCAL SERVICE","C:\Windows\sysWOW64\wbem\wmiprvse.exe"," "," ",7620,,"C:\Windows\SysWOW64\wbem\WmiPrvSE.exe",,2c1e4feccef57399b8f277bb0072bbd8
"2024-02-02T18:00:05.000+0300",SYSTEM,"C:\Windows\sysWOW64\wbem\wmiprvse.exe"," "," ",5756,,"C:\Windows\SysWOW64\wbem\WmiPrvSE.exe",,2c1e4feccef57399b8f277bb0072bbd8
"2024-02-02T18:00:05.000+0300",SYSTEM,"C:\Windows\sysWOW64\wbem\wmiprvse.exe"," "," ",5176,,"C:\Windows\SysWOW64\wbem\WmiPrvSE.exe",,2c1e4feccef57399b8f277bb0072bbd8
"2024-02-02T18:00:05.000+0300",SYSTEM,"C:\Windows\servicing\TrustedInstaller.exe"," "," ",10628,,"C:\Windows\servicing\TrustedInstaller.exe",,5a34817882647d262ef514418a0b671b
"2024-02-02T18:00:05.000+0300",SYSTEM,"C:\Windows\System32\svchost.exe -k wsappx -p -s ClipSVC"," "," ",5276,,"C:\Windows\System32\svchost.exe",,5742c75eb1112c79085c05b69d75c404
"2024-02-02T18:00:05.000+0300",SYSTEM,"C:\Windows\System32\svchost.exe -k swprv"," "," ",5312,,"C:\Windows\System32\svchost.exe",,5742c75eb1112c79085c05b69d75c404
"2024-02-02T18:00:05.000+0300",SYSTEM,"C:\Windows\System32\svchost.exe -k netsvcs -p -s Themes"," "," ",2244,,"C:\Windows\System32\svchost.exe",,5742c75eb1112c79085c05b69d75c404
"2024-02-02T18:00:05.000+0300",SYSTEM,"C:\Windows\System32\svchost.exe -k netsvcs -p -s ShellHWDetection"," "," ",2832,,"C:\Windows\System32\svchost.exe",,5742c75eb1112c79085c05b69d75c404
"2024-02-02T18:00:05.000+0300",SYSTEM,"C:\Windows\System32\svchost.exe -k netsvcs -p -s EapHost"," "," ",2696,,"C:\Windows\System32\svchost.exe",,5742c75eb1112c79085c05b69d75c404
"2024-02-02T18:00:05.000+0300",SYSTEM,"C:\Windows\System32\svchost.exe -k netsvcs -p -s BDESVC"," "," ",1140,,"C:\Windows\System32\svchost.exe",,5742c75eb1112c79085c05b69d75c404
"2024-02-02T18:00:05.000+0300",SYSTEM,"C:\Windows\System32\svchost.exe -k netsvcs -p"," "," ",9500,,"C:\Windows\System32\svchost.exe",,5742c75eb1112c79085c05b69d75c404
"2024-02-02T18:00:05.000+0300","NETWORK SERVICE","C:\Windows\System32\svchost.exe -k netprofm -p -s netprofm"," "," ",1372,,"C:\Windows\System32\svchost.exe",,5742c75eb1112c79085c05b69d75c404
"2024-02-02T18:00:05.000+0300",johndoe,"C:\Windows\System32\svchost.exe -k UnistackSvcGroup"," "," ",7452,,"C:\Windows\System32\svchost.exe",,5742c75eb1112c79085c05b69d75c404
"2024-02-02T18:00:05.000+0300","NETWORK SERVICE","C:\Windows\System32\svchost.exe -k NetworkService -p -s LanmanWorkstation"," "," ",2516,,"C:\Windows\System32\svchost.exe",,5742c75eb1112c79085c05b69d75c404
"2024-02-02T18:00:05.000+0300","NETWORK SERVICE","C:\Windows\System32\svchost.exe -k NetworkService -p -s DoSvc"," "," ",9688,,"C:\Windows\System32\svchost.exe",,5742c75eb1112c79085c05b69d75c404
"2024-02-02T18:00:05.000+0300",SYSTEM,"C:\Windows\System32\svchost.exe -k NetSvcs -p -s iphlpsvc"," "," ",2476,,"C:\Windows\System32\svchost.exe",,5742c75eb1112c79085c05b69d75c404
"2024-02-02T18:00:05.000+0300",SYSTEM,"C:\Windows\System32\svchost.exe -k LocalSystemNetworkRestricted -p -s WdiSystemHost"," "," ",780,,"C:\Windows\System32\svchost.exe",,5742c75eb1112c79085c05b69d75c404
"2024-02-02T18:00:05.000+0300",SYSTEM,"C:\Windows\System32\svchost.exe -k LocalSystemNetworkRestricted -p -s TabletInputService"," "," ",1976,,"C:\Windows\System32\svchost.exe",,5742c75eb1112c79085c05b69d75c404
"2024-02-02T18:00:05.000+0300",SYSTEM,"C:\Windows\System32\svchost.exe -k LocalSystemNetworkRestricted -p -s StorSvc"," "," ",10144,,"C:\Windows\System32\svchost.exe",,5742c75eb1112c79085c05b69d75c404
"2024-02-02T18:00:05.000+0300",SYSTEM,"C:\Windows\System32\svchost.exe -k LocalSystemNetworkRestricted -p -s NcbService"," "," ",1448,,"C:\Windows\System32\svchost.exe",,5742c75eb1112c79085c05b69d75c404
"2024-02-02T18:00:05.000+0300",SYSTEM,"C:\Windows\System32\svchost.exe -k LocalSystemNetworkRestricted -p -s AudioEndpointBuilder"," "," ",2380,,"C:\Windows\System32\svchost.exe",,5742c75eb1112c79085c05b69d75c404
"2024-02-02T18:00:05.000+0300","LOCAL SERVICE","C:\Windows\System32\svchost.exe -k LocalServiceNoNetwork -p -s DPS"," "," ",2980,,"C:\Windows\System32\svchost.exe",,5742c75eb1112c79085c05b69d75c404
"2024-02-02T18:00:05.000+0300","LOCAL SERVICE","C:\Windows\System32\svchost.exe -k LocalServiceNetworkRestricted -s RmSvc"," "," ",4456,,"C:\Windows\System32\svchost.exe",,5742c75eb1112c79085c05b69d75c404
"2024-02-02T18:00:05.000+0300","LOCAL SERVICE","C:\Windows\System32\svchost.exe -k LocalServiceNetworkRestricted -p -s wscsvc"," "," ",9544,,"C:\Windows\System32\svchost.exe",,5742c75eb1112c79085c05b69d75c404
"2024-02-02T18:00:05.000+0300","LOCAL SERVICE","C:\Windows\System32\svchost.exe -k LocalServiceNetworkRestricted -p -s lmhosts"," "," ",9868,,"C:\Windows\System32\svchost.exe",,5742c75eb1112c79085c05b69d75c404
"2024-02-02T18:00:05.000+0300","LOCAL SERVICE","C:\Windows\System32\svchost.exe -k LocalServiceNetworkRestricted -p -s EventLog"," "," ",2148,,"C:\Windows\System32\svchost.exe",,5742c75eb1112c79085c05b69d75c404
"2024-02-02T18:00:05.000+0300","LOCAL SERVICE","C:\Windows\System32\svchost.exe -k LocalServiceNetworkRestricted -p"," "," ",2656,,"C:\Windows\System32\svchost.exe",,5742c75eb1112c79085c05b69d75c404
"2024-02-02T18:00:05.000+0300","LOCAL SERVICE","C:\Windows\System32\svchost.exe -k LocalServiceNetworkRestricted -p"," "," ",2532,,"C:\Windows\System32\svchost.exe",,5742c75eb1112c79085c05b69d75c404
"2024-02-02T18:00:05.000+0300","LOCAL SERVICE","C:\Windows\System32\svchost.exe -k LocalService -p -s LicenseManager"," "," ",7136,,"C:\Windows\System32\svchost.exe",,5742c75eb1112c79085c05b69d75c404
"2024-02-02T18:00:05.000+0300",SYSTEM,"C:\Windows\System32\spoolsv.exe"," "," ",2432,,"C:\Windows\System32\spoolsv.exe",,078bef6efc6bd4edb2effac85c0dcc57
"2024-02-02T18:00:05.000+0300",johndoe,"C:\Windows\System32\smartscreen.exe -Embedding"," "," ",9172,,"C:\Windows\System32\smartscreen.exe",,3c9555e0d039d2711729f665311aec58
"2024-02-02T18:00:05.000+0300","NETWORK SERVICE","C:\Windows\System32\msdtc.exe"," "," ",3732,,"C:\Windows\System32\msdtc.exe",,70b6fe08abbd9d29bdd3efab0f940232
"2024-02-02T18:00:05.000+0300",johndoe,"C:\Windows\System32\RuntimeBroker.exe -Embedding"," "," ",8916,,"C:\Windows\System32\RuntimeBroker.exe",,ed0c45fd8bfce48d6f62a0bdfc1991c1
"2024-02-02T18:00:05.000+0300",johndoe,"C:\Windows\System32\RuntimeBroker.exe -Embedding"," "," ",8276,,"C:\Windows\System32\RuntimeBroker.exe",,ed0c45fd8bfce48d6f62a0bdfc1991c1
"2024-02-02T18:00:05.000+0300",johndoe,"C:\Windows\System32\RuntimeBroker.exe -Embedding"," "," ",8220,,"C:\Windows\System32\RuntimeBroker.exe",,ed0c45fd8bfce48d6f62a0bdfc1991c1
"2024-02-02T18:00:05.000+0300",johndoe,"C:\Windows\System32\RuntimeBroker.exe -Embedding"," "," ",6668,,"C:\Windows\System32\RuntimeBroker.exe",,ed0c45fd8bfce48d6f62a0bdfc1991c1
"2024-02-02T18:00:05.000+0300",johndoe,"C:\Windows\System32\RuntimeBroker.exe -Embedding"," "," ",6168,,"C:\Windows\System32\RuntimeBroker.exe",,ed0c45fd8bfce48d6f62a0bdfc1991c1
"2024-02-02T18:00:05.000+0300",johndoe,"C:\Windows\System32\RuntimeBroker.exe -Embedding"," "," ",5212,,"C:\Windows\System32\RuntimeBroker.exe",,ed0c45fd8bfce48d6f62a0bdfc1991c1
"2024-02-02T18:00:05.000+0300",johndoe,"C:\Windows\Explorer.EXE"," "," ",672,,"C:\Windows\explorer.exe",,6736dafeb1ea4223e25733f95d280dae
"2024-02-02T18:00:05.000+0300",SYSTEM,"C:\Windows\CCM\CcmExec.exe"," "," ",968,,"C:\Windows\CCM\CcmExec.exe",,9e72dc23c2a55ce79fbed953fc77cd22
"2024-02-02T18:00:05.000+0300",SYSTEM,"%SystemRoot%\system32\csrss.exe ObjectDirectory=\Windows SharedSection=1024,20480,768 Windows=On SubSystemType=Windows ServerDll=basesrv,1 ServerDll=winsrv:UserServerDllInitialization,3 ServerDll=sxssrv,4 ProfileControl=Off MaxRequestThreads=16"," "," ",520,,"C:\Windows\System32\csrss.exe",,adb2c5bd781096d34a814e8bdc3b7383
"2024-02-02T18:00:05.000+0300","","""fontdrvhost.exe"""," "," ",980,,"C:\Windows\System32\fontdrvhost.exe",,9d6a1ddd7e6d3492092b99c94a8ed0f5
"2024-02-02T18:00:05.000+0300","","""fontdrvhost.exe"""," "," ",972,,"C:\Windows\System32\fontdrvhost.exe",,9d6a1ddd7e6d3492092b99c94a8ed0f5
"2024-02-02T18:00:05.000+0300","","""dwm.exe"""," "," ",1264,,"C:\Windows\System32\dwm.exe",,a1d33265d166a1f76fc3a01cc649680f
"2024-02-02T18:00:05.000+0300",johndoe,"""ctfmon.exe"""," "," ",4500,,"C:\Windows\System32\ctfmon.exe",,0337bab216198688b7ba03874f026e4e
"2024-02-02T18:00:05.000+0300",johndoe,"""C:\Windows\SystemApps\ShellExperienceHost_cw5n1h2txyewy\ShellExperienceHost.exe"" -ServerName:App.AppXtk181tbxbce2qsex02s8tw7hfxa9xb3t.mca"," "," ",1008,,"C:\Windows\SystemApps\ShellExperienceHost_cw5n1h2txyewy\ShellExperienceHost.exe",,78e0cdf98f90e4d12cd6818e0db59e6c
"2024-02-02T18:00:05.000+0300",johndoe,"""C:\Windows\SystemApps\MicrosoftWindows.Client.CBS_cw5n1h2txyewy\SearchHost.exe"" -ServerName:CortanaUI.AppXstmwaab17q5s3y22tp6apqz7a45vwv65.mca"," "," ",5812,,"C:\Windows\SystemApps\MicrosoftWindows.Client.CBS_cw5n1h2txyewy\SearchHost.exe",,6de6176141590512bcb682633e10dc03
"2024-02-02T18:00:05.000+0300",johndoe,"""C:\Windows\SystemApps\Microsoft.Windows.StartMenuExperienceHost_cw5n1h2txyewy\StartMenuExperienceHost.exe"" -ServerName:App.AppXywbrabmsek0gm3tkwpr5kwzbs55tkqay.mca"," "," ",6608,,"C:\Windows\SystemApps\Microsoft.Windows.StartMenuExperienceHost_cw5n1h2txyewy\StartMenuExperienceHost.exe",,ef32bf38003eabd73d7a9036b714cdef
"2024-02-02T18:00:05.000+0300",johndoe,"""C:\Windows\SystemApps\Microsoft.LockApp_cw5n1h2txyewy\LockApp.exe"" -ServerName:WindowsDefaultLockScreen.AppX7y4nbzq37zn4ks9k7amqjywdat7d3j2z.mca"," "," ",8780,,"C:\Windows\SystemApps\Microsoft.LockApp_cw5n1h2txyewy\LockApp.exe",,8d374db1a9fa2c08e5c9abae0c2b519a
"2024-02-02T18:00:05.000+0300","LOCAL SERVICE","""C:\Windows\System32\WUDFHost.exe"" -HostGUID:{193a1820-d9ac-4997-8c55-be817523f6aa} -IoEventPortName:\UMDFCommunicationPorts\WUDF\HostProcess-2cb52c45-8e9d-472f-bff1-5ae03360afc2 -SystemEventPortName:\UMDFCommunicationPorts\WUDF\HostProcess-02c9d387-9e8a-455c-a415-8fe5f78fea2b -IoCancelEventPortName:\UMDFCommunicationPorts\WUDF\HostProcess-f4b702cf-bc64-487d-954c-d7d23b3846c9 -NonStateChangingEventPortName:\UMDFCommunicationPorts\WUDF\HostProcess-8921ca80-5532-4fcf-99e3-0dd07995c50f -LifetimeId:1664d0d1-bba6-4957-b610-f6cf22dd4141 -DeviceGroupId: -HostArg:0"," "," ",904,,"C:\Windows\System32\WUDFHost.exe",,3675aab1a9e22d7ebd96061f4b3d2b3b
"2024-02-02T18:00:05.000+0300",johndoe,"""C:\Windows\System32\SecurityHealthSystray.exe"" "," "," ",6020,,"C:\Windows\System32\SecurityHealthSystray.exe",,33bde2354fde739762c03fdc9399c2ab
"2024-02-02T18:00:05.000+0300",SYSTEM,"""C:\Windows\System32\SearchProtocolHost.exe"" Global\UsGthrFltPipeMssGthrPipe4_ Global\UsGthrCtrlFltPipeMssGthrPipe4 1 -2147483646 ""Software\Microsoft\Windows Search"" ""Mozilla/4.0 (compatible; MSIE 6.0; Windows NT; MS Search 4.0 Robot)"" ""C:\ProgramData\Microsoft\Search\Data\Temp\usgthrsvc"" ""DownLevelDaemon"" "," "," ",12664,,"C:\Windows\System32\SearchProtocolHost.exe",,2b6af06ea72067ebd2a4f45c1bae5d3d
"2024-02-02T18:00:05.000+0300",johndoe,"""C:\Windows\ImmersiveControlPanel\SystemSettings.exe"" -ServerName:microsoft.windows.immersivecontrolpanel"," "," ",6408,,"C:\Windows\ImmersiveControlPanel\SystemSettings.exe",,31f71a3482c27d70b92e0b8ea6a7e318
"2024-02-02T18:00:05.000+0300",johndoe,"""C:\Windows\CCM\SCNotification.exe"""," "," ",9492,,"C:\Windows\CCM\SCNotification.exe",,ff9695d74f6dc772382747ec04aa4f85
"2024-02-02T18:00:05.000+0300",johndoe,"""C:\Users\johndoe\AppData\Roaming\Telegram Desktop\Telegram.exe"" "," "," ",5908,,"C:\Users\johndoe\AppData\Roaming\Telegram Desktop\Telegram.exe",,""
"2024-02-02T18:00:05.000+0300",johndoe,"""C:\Users\johndoe\AppData\Local\Microsoft\OneDrive\OneDrive.exe"" /background"," "," ",6864,,"C:\Users\johndoe\AppData\Local\Microsoft\OneDrive\OneDrive.exe",,5ccac8c2f69120551589575965d0740b
"2024-02-02T18:00:05.000+0300",SYSTEM,"""C:\ProgramData\Microsoft\Windows Defender\Platform\4.18.23110.3-0\MsMpEng.exe"""," "," ",4308,,"C:\ProgramData\Microsoft\Windows Defender\Platform\4.18.23110.3-0\MsMpEng.exe",,d21ece356e67a270950f2d2d1d441ad3
"2024-02-02T18:00:05.000+0300",SYSTEM,"""C:\Program Files\osquery\osqueryd\osqueryd.exe"" --flagfile=""C:\Program Files\osquery\osquery.flags"""," "," ",3128,,"C:\Program Files\osquery\osqueryd\osqueryd.exe",,af5c74ac55605c3841ce8c49e6d28a13
"2024-02-02T18:00:05.000+0300",SYSTEM,"""C:\Program Files\osquery\osqueryd\osqueryd.exe"" ""--flagfile=C:\Program Files\osquery\osquery.flags"" "," "," ",3024,,"C:\Program Files\osquery\osqueryd\osqueryd.exe",,af5c74ac55605c3841ce8c49e6d28a13
"2024-02-02T18:00:05.000+0300",johndoe,"""C:\Program Files\WindowsApps\Microsoft.YourPhone_1.22052.136.0_x64__8wekyb3d8bbwe\YourPhone.exe"" -ServerName:App.AppX9yct9q388jvt4h7y0gn06smzkxcsnt8m.mca"," "," ",4856,,"C:\Program Files\WindowsApps\Microsoft.YourPhone_1.22052.136.0_x64__8wekyb3d8bbwe\YourPhone.exe",,6c6a2bfcea12ad414158a8a10ade3f9f
"2024-02-02T18:00:05.000+0300",johndoe,"""C:\Program Files\Parallels\Parallels Tools\prl_cc.exe"""," "," ",7132,,"C:\Program Files\Parallels\Parallels Tools\prl_cc.exe",,0b8f597c2f70eebccb54101fb6fbd109
"2024-02-02T18:00:05.000+0300",SYSTEM,"""C:\Program Files\Parallels\Parallels Tools\Services\prl_tools_service.exe"""," "," ",3104,,"C:\Program Files\Parallels\Parallels Tools\Services\prl_tools_service.exe",,6aa530333dcc1e4334eb2102555bd0a1
"2024-02-02T18:00:05.000+0300",SYSTEM,"""C:\Program Files\Parallels\Parallels Tools\Services\prl_tools.exe"""," "," ",3948,,"C:\Program Files\Parallels\Parallels Tools\Services\prl_tools.exe",,41cdc175283fa4c75fccc94d9d101b4a
"2024-02-02T18:00:05.000+0300",SYSTEM,"""C:\Program Files\Parallels\Parallels Tools\Services\coherence.exe"""," "," ",2784,,"C:\Program Files\Parallels\Parallels Tools\Services\coherence.exe",,7f9c0ba45be82f7b5fe7c0e9588a7f3e
"2024-02-02T18:00:05.000+0300",SYSTEM,"""C:\Program Files (x86)\Microsoft Policy Platform\policyHost.exe"" /service"," "," ",11220,,"C:\Program Files (x86)\Microsoft Policy Platform\policyHost.exe",,7674582141c6d6da9a8e7a15440b4a19
"2024-02-02T18:00:05.000+0300",SYSTEM,""," "," ",2288,,MemCompression,,""
"2024-02-02T18:05:04.000+0300",johndoe,powershell," "," ",10500,,"C:\Windows\System32\WindowsPowerShell\v1.0\powershell.exe",,e52a0f002aaf00f18a0af8ff4da5a889
"2024-02-02T18:05:04.000+0300",SYSTEM,"""C:\Windows\SysWOW64\SearchFilterHost.exe"" 828 3140 3260 820 {85EE815A-7738-4808-A14A-3AD87E32A3BF}"," "," ",11080,,"C:\Windows\SysWOW64\SearchFilterHost.exe",,36f07f1d1dd48f0dbd1805ea0a79b1f1
"2024-02-02T18:05:04.000+0300",SYSTEM,"""C:\Windows\System32\SearchProtocolHost.exe"" Global\UsGthrFltPipeMssGthrPipe3_ Global\UsGthrCtrlFltPipeMssGthrPipe3 1 -2147483646 ""Software\Microsoft\Windows Search"" ""Mozilla/4.0 (compatible; MSIE 6.0; Windows NT; MS Search 4.0 Robot)"" ""C:\ProgramData\Microsoft\Search\Data\Temp\usgthrsvc"" ""DownLevelDaemon"" "," "," ",2968,,"C:\Windows\System32\SearchProtocolHost.exe",,2b6af06ea72067ebd2a4f45c1bae5d3d
"2024-02-02T18:05:04.000+0300",johndoe,"""C:\Windows\system32\cmd.exe"""," "," ",5348,,"C:\Windows\System32\cmd.exe",,455082d715fd23eac6e103ddb71528f3
"2024-02-02T18:05:04.000+0300",johndoe,powershell," "," ",6212,,"C:\Windows\System32\WindowsPowerShell\v1.0\powershell.exe",,e52a0f002aaf00f18a0af8ff4da5a889
"2024-02-02T18:05:04.000+0300",SYSTEM,"C:\Windows\system32\svchost.exe -k netsvcs -p -s lfsvc"," "," ",6532,,"C:\Windows\System32\svchost.exe",,5742c75eb1112c79085c05b69d75c404
"2024-02-02T18:05:04.000+0300",johndoe,"""C:\Program Files (x86)\Microsoft\EdgeWebView\Application\119.0.2151.58\msedgewebview2.exe"" --type=renderer --noerrdialogs --user-data-dir=""C:\Users\johndoe\AppData\Local\Packages\MicrosoftWindows.Client.WebExperience_cw5n1h2txyewy\LocalState\EBWebView"" --webview-exe-name=Widgets.exe --webview-exe-version=424.1301.2520.0 --embedded-browser-webview=1 --first-renderer-process --lang=en-US --device-scale-factor=2 --num-raster-threads=2 --enable-main-frame-before-activation --renderer-client-id=5 --js-flags=""--harmony-weak-refs-with-cleanup-some --expose-gc --ms-user-locale="" --time-ticks-at-unix-epoch=-1706885838132731 --launch-time-ticks=351012877 --mojo-platform-channel-handle=3440 --field-trial-handle=1760,i,17703364955959800508,11569994075076661684,262144 --enable-features=MojoIpcz,UseBackgroundNativeThreadPool,UseNativeThreadPool,msWebView2TreatAppSuspendAsDeviceSuspend /prefetch:1"," "," ",2760,,"C:\Program Files (x86)\Microsoft\EdgeWebView\Application\119.0.2151.58\msedgewebview2.exe",,535502da2ae3c446b4594f3bbcd1a374
"2024-02-02T18:05:04.000+0300",johndoe,"""C:\Program Files (x86)\Microsoft\EdgeWebView\Application\119.0.2151.58\msedgewebview2.exe"" --type=utility --utility-sub-type=storage.mojom.StorageService --lang=en-US --service-sandbox-type=service --noerrdialogs --user-data-dir=""C:\Users\johndoe\AppData\Local\Packages\MicrosoftWindows.Client.WebExperience_cw5n1h2txyewy\LocalState\EBWebView"" --webview-exe-name=Widgets.exe --webview-exe-version=424.1301.2520.0 --embedded-browser-webview=1 --mojo-platform-channel-handle=2260 --field-trial-handle=1760,i,17703364955959800508,11569994075076661684,262144 --enable-features=MojoIpcz,UseBackgroundNativeThreadPool,UseNativeThreadPool,msWebView2TreatAppSuspendAsDeviceSuspend /prefetch:8"," "," ",11224,,"C:\Program Files (x86)\Microsoft\EdgeWebView\Application\119.0.2151.58\msedgewebview2.exe",,535502da2ae3c446b4594f3bbcd1a374
"2024-02-02T18:05:04.000+0300",johndoe,"""C:\Program Files (x86)\Microsoft\EdgeWebView\Application\119.0.2151.58\msedgewebview2.exe"" --type=utility --utility-sub-type=network.mojom.NetworkService --lang=en-US --service-sandbox-type=none --noerrdialogs --user-data-dir=""C:\Users\johndoe\AppData\Local\Packages\MicrosoftWindows.Client.WebExperience_cw5n1h2txyewy\LocalState\EBWebView"" --webview-exe-name=Widgets.exe --webview-exe-version=424.1301.2520.0 --embedded-browser-webview=1 --mojo-platform-channel-handle=1936 --field-trial-handle=1760,i,17703364955959800508,11569994075076661684,262144 --enable-features=MojoIpcz,UseBackgroundNativeThreadPool,UseNativeThreadPool,msWebView2TreatAppSuspendAsDeviceSuspend /prefetch:3"," "," ",6684,,"C:\Program Files (x86)\Microsoft\EdgeWebView\Application\119.0.2151.58\msedgewebview2.exe",,535502da2ae3c446b4594f3bbcd1a374
"2024-02-02T18:05:04.000+0300",johndoe,"""C:\Program Files (x86)\Microsoft\EdgeWebView\Application\119.0.2151.58\msedgewebview2.exe"" --type=gpu-process --noerrdialogs --user-data-dir=""C:\Users\johndoe\AppData\Local\Packages\MicrosoftWindows.Client.WebExperience_cw5n1h2txyewy\LocalState\EBWebView"" --webview-exe-name=Widgets.exe --webview-exe-version=424.1301.2520.0 --embedded-browser-webview=1 --gpu-preferences=WAAAAAAAAADgAAAMAAAAAAAAAAAAAAAAAABgAAAAAAA4AAAAAAAAAAAAAAAEAAAAAAAAAAAAAAAAAAAAAAAAAAAAAAAAAAAAGAAAAAAAAAAYAAAAAAAAAAgAAAAAAAAACAAAAAAAAAAIAAAAAAAAAA== --mojo-platform-channel-handle=1752 --field-trial-handle=1760,i,17703364955959800508,11569994075076661684,262144 --enable-features=MojoIpcz,UseBackgroundNativeThreadPool,UseNativeThreadPool,msWebView2TreatAppSuspendAsDeviceSuspend /prefetch:2"," "," ",2280,,"C:\Program Files (x86)\Microsoft\EdgeWebView\Application\119.0.2151.58\msedgewebview2.exe",,535502da2ae3c446b4594f3bbcd1a374
"2024-02-02T18:05:04.000+0300",johndoe,"""C:\Program Files (x86)\Microsoft\EdgeWebView\Application\119.0.2151.58\msedgewebview2.exe"" --type=crashpad-handler --user-data-dir=C:\Users\johndoe\AppData\Local\Packages\MicrosoftWindows.Client.WebExperience_cw5n1h2txyewy\LocalState\EBWebView /prefetch:7 --monitor-self-annotation=ptype=crashpad-handler --database=C:\Users\johndoe\AppData\Local\Packages\MicrosoftWindows.Client.WebExperience_cw5n1h2txyewy\LocalState\EBWebView\Crashpad --annotation=IsOfficialBuild=1 --annotation=channel= --annotation=chromium-version=119.0.6045.123 ""--annotation=exe=C:\Program Files (x86)\Microsoft\EdgeWebView\Application\119.0.2151.58\msedgewebview2.exe"" ""--annotation=prod=Edge WebView2"" --annotation=ver=119.0.2151.58 --initial-client-data=0x15c,0x160,0x164,0x90,0x16c,0x7ffb1ca259d0,0x7ffb1ca259e0,0x7ffb1ca259f0"," "," ",6656,,"C:\Program Files (x86)\Microsoft\EdgeWebView\Application\119.0.2151.58\msedgewebview2.exe",,535502da2ae3c446b4594f3bbcd1a374
"2024-02-02T18:05:04.000+0300",johndoe,"""C:\Program Files (x86)\Microsoft\EdgeWebView\Application\119.0.2151.58\msedgewebview2.exe"" --embedded-browser-webview=1 --webview-exe-name=Widgets.exe --webview-exe-version=424.1301.2520.0 --user-data-dir=""C:\Users\johndoe\AppData\Local\Packages\MicrosoftWindows.Client.WebExperience_cw5n1h2txyewy\LocalState\EBWebView"" --noerrdialogs --disk-cache-size=52428800 --edge-webview-is-background --enable-features=MojoIpcz,msWebView2TreatAppSuspendAsDeviceSuspend,UseNativeThreadPool,UseBackgroundNativeThreadPool --lang=en-US --accept-lang=en-US --mojo-named-platform-channel-pipe=7520.8648.17238060800239101465"," "," ",11788,,"C:\Program Files (x86)\Microsoft\EdgeWebView\Application\119.0.2151.58\msedgewebview2.exe",,535502da2ae3c446b4594f3bbcd1a374
"2024-02-02T18:05:04.000+0300",johndoe,"""C:\Program Files\WindowsApps\MicrosoftWindows.Client.WebExperience_424.1301.40.0_arm64__cw5n1h2txyewy\Dashboard\widgetservice.exe"" -RegisterProcessAsComServer -Embedding"," "," ",1280,,"C:\Program Files\WindowsApps\MicrosoftWindows.Client.WebExperience_424.1301.40.0_arm64__cw5n1h2txyewy\Dashboard\WidgetService.exe",,7c545d0dd5b4e30ef7acda4484fc11f5
"2024-02-02T18:05:04.000+0300",SYSTEM,"C:\Windows\system32\svchost.exe -k netsvcs -p -s wlidsvc"," "," ",4292,,"C:\Windows\System32\svchost.exe",,5742c75eb1112c79085c05b69d75c404
"2024-02-02T18:05:04.000+0300",johndoe,"cmd.exe"," "," ",920,,"C:\Windows\System32\cmd.exe",,455082d715fd23eac6e103ddb71528f3
"2024-02-02T18:05:04.000+0300",johndoe,"\??\C:\Windows\system32\conhost.exe 0x4"," "," ",10956,,"C:\Windows\System32\conhost.exe",,46fc791fab87c092834a6e0626c2f079
"2024-02-02T18:05:04.000+0300",johndoe,"""C:\Users\johndoe\Downloads\Invoice\Invoice\Invoice.pdf.exe"" "," "," ",10796,,"C:\Users\johndoe\Downloads\Invoice\Invoice\Invoice.pdf.exe",,34fe8093bc4ddceadb639d5edf28651f
"2024-02-02T18:05:04.000+0300",johndoe,"""C:\Program Files\Mozilla Firefox\firefox.exe"" -contentproc --channel=6168 -childID 17 -isForBrowser -prefsHandle 6180 -prefMapHandle 6176 -prefsLen 30346 -prefMapSize 243188 -jsInitHandle 1512 -jsInitLen 235124 -parentBuildID 20240118164516 -appDir ""C:\Program Files\Mozilla Firefox\browser"" - {d8e0907a-65c8-4014-b363-b68e748dfe1f} 8556 ""\\.\pipe\gecko-crash-server-pipe.8556"" 29d81fb2698 tab"," "," ",8248,,"C:\Program Files\Mozilla Firefox\firefox.exe",,a29f01819e9054f8db89a4c65d3eac17
"2024-02-02T18:05:04.000+0300",johndoe,"%systemroot%\system32\MoNotificationUx.exe /NotificationType Reboot_Engaged /FormFactor Passive /Timeout 0"," "," ",7620,,"C:\Windows\System32\MoNotificationUx.exe",,1bad26a2b10fcd33f2b68f41e6600514
"2024-02-02T18:05:04.000+0300",johndoe,"C:\Windows\system32\DllHost.exe /Processid:{AB8902B4-09CA-4BB6-B78D-A8F59079A8D5}"," "," ",12216,,"C:\Windows\System32\dllhost.exe",,169b37efe8a3bbebf93a8733b347f545
"2024-02-02T18:05:04.000+0300","NETWORK SERVICE","C:\Windows\system32\wbem\wmiprvse.exe"," "," ",4472,,"C:\Windows\System32\wbem\WmiPrvSE.exe",,f81cc63d26d66e11e0a926fc16a1916b
"2024-02-02T18:05:04.000+0300",SYSTEM,"C:\Windows\winsxs\arm64_microsoft-windows-servicingstack_31bf3856ad364e35_10.0.22000.2592_none_827da31afefdabef\TiWorker.exe -Embedding"," "," ",12140,,"C:\Windows\WinSxS\arm64_microsoft-windows-servicingstack_31bf3856ad364e35_10.0.22000.2592_none_827da31afefdabef\TiWorker.exe",,be6fb50ecb25463395bea5e0e9f0ea70
"2024-02-02T18:05:04.000+0300","NETWORK SERVICE","C:\Windows\system32\wbem\wmiprvse.exe"," "," ",4472,,"C:\Windows\System32\wbem\WmiPrvSE.exe",,f81cc63d26d66e11e0a926fc16a1916b
"2024-02-02T18:05:04.000+0300",SYSTEM,"C:\Windows\system32\wbem\WmiApSrv.exe"," "," ",7160,,"C:\Windows\System32\wbem\WmiApSrv.exe",,6266461a10631f2623b81be36c2b928e
"2024-02-02T18:05:04.000+0300",SYSTEM,"C:\Windows\system32\vssvc.exe"," "," ",3944,,"C:\Windows\System32\VSSVC.exe",,fe322659cd0823fda6bb39dbc60b9571
"2024-02-02T18:05:04.000+0300",SYSTEM,"C:\Windows\system32\svchost.exe -k wusvcs -p -s WaaSMedicSvc"," "," ",11956,,"C:\Windows\System32\svchost.exe",,5742c75eb1112c79085c05b69d75c404
"2024-02-02T18:05:04.000+0300",SYSTEM,"C:\Windows\system32\svchost.exe -k netsvcs -p -s wlidsvc"," "," ",10104,,"C:\Windows\System32\svchost.exe",,5742c75eb1112c79085c05b69d75c404
"2024-02-02T18:05:04.000+0300",SYSTEM,"C:\Windows\system32\svchost.exe -k netsvcs -p -s DsmSvc"," "," ",1480,,"C:\Windows\System32\svchost.exe",,5742c75eb1112c79085c05b69d75c404
"2024-02-02T18:05:04.000+0300","NETWORK SERVICE","C:\Windows\system32\sppsvc.exe"," "," ",612,,"C:\Windows\System32\sppsvc.exe",,196b1861179c5b3e45430b47d71dcdd1
"2024-02-02T18:05:04.000+0300",SYSTEM,"C:\Windows\system32\msiexec.exe /V"," "," ",5340,,"C:\Windows\System32\msiexec.exe",,5a1d884d107557e338e88ea946677e62
"2024-02-02T18:05:04.000+0300",SYSTEM,"C:\Windows\sysWOW64\wbem\wmiprvse.exe"," "," ",7812,,"C:\Windows\SysWOW64\wbem\WmiPrvSE.exe",,2c1e4feccef57399b8f277bb0072bbd8
"2024-02-02T18:05:04.000+0300",SYSTEM,"C:\Windows\sysWOW64\wbem\wmiprvse.exe"," "," ",6692,,"C:\Windows\SysWOW64\wbem\WmiPrvSE.exe",,2c1e4feccef57399b8f277bb0072bbd8
"2024-02-02T18:05:04.000+0300","LOCAL SERVICE","C:\Windows\sysWOW64\wbem\wmiprvse.exe"," "," ",5964,,"C:\Windows\SysWOW64\wbem\WmiPrvSE.exe",,2c1e4feccef57399b8f277bb0072bbd8
"2024-02-02T18:05:04.000+0300",SYSTEM,"C:\Windows\servicing\TrustedInstaller.exe"," "," ",1228,,"C:\Windows\servicing\TrustedInstaller.exe",,5a34817882647d262ef514418a0b671b
"2024-02-02T18:05:04.000+0300",SYSTEM,"C:\Windows\System32\svchost.exe -k netsvcs -p -s BITS"," "," ",7640,,"C:\Windows\System32\svchost.exe",,5742c75eb1112c79085c05b69d75c404
"2024-02-02T18:05:04.000+0300","LOCAL SERVICE","""C:\ProgramData\Microsoft\Windows Defender\Platform\4.18.23110.3-0\NisSrv.exe"""," "," ",4836,,"C:\ProgramData\Microsoft\Windows Defender\Platform\4.18.23110.3-0\NisSrv.exe",,be3a5c83f593019502aec3d447392c0c
"2024-02-02T18:05:04.000+0300",johndoe,"""C:\Program Files\Mozilla Firefox\firefox.exe"" -contentproc --channel=6096 -childID 3 -isForBrowser -prefsHandle 6028 -prefMapHandle 5968 -prefsLen 30259 -prefMapSize 243188 -jsInitHandle 1512 -jsInitLen 235124 -parentBuildID 20240118164516 -appDir ""C:\Program Files\Mozilla Firefox\browser"" - {8e2c2af5-7d94-4245-b975-074b19e5b950} 8556 ""\\.\pipe\gecko-crash-server-pipe.8556"" 29da427d698 tab"," "," ",9568,,"C:\Program Files\Mozilla Firefox\firefox.exe",,a29f01819e9054f8db89a4c65d3eac17
"2024-02-02T18:20:11.000+0300",SYSTEM,"""C:\Program Files (x86)\Microsoft Policy Platform\policyHost.exe"" /service"," "," ",1420,,"C:\Program Files (x86)\Microsoft Policy Platform\policyHost.exe",,7674582141c6d6da9a8e7a15440b4a19
"2024-02-02T18:20:11.000+0300","NETWORK SERVICE","C:\Windows\sysWOW64\wbem\wmiprvse.exe"," "," ",4852,,"C:\Windows\SysWOW64\wbem\WmiPrvSE.exe",,2c1e4feccef57399b8f277bb0072bbd8
"2024-02-02T18:20:11.000+0300",johndoe,"findstr  /v "".dll"""," "," ",4896,,"C:\Windows\System32\findstr.exe",,fa3b8a909fd5b8c22ce292adb392cd47
"2024-02-02T18:20:11.000+0300",johndoe,"C:\Windows\system32\cmd.exe  /S /D /c"" dir /s/b /A:-D RDCMan.settings == *.rdg == SCClient.exe == *_history == .sudo_as_admin_successful == .profile == *bashrc == httpd.conf == *.plan == .htpasswd == .git-credentials == *.rhosts == hosts.equiv == Dockerfile == docker-compose.yml == appcmd.exe == TypedURLs == TypedURLsTime == History == Bookmarks == Cookies == ""Login Data"" == places.sqlite == key3.db == key4.db == credentials == credentials.db == access_tokens.db == accessTokens.json == legacy_credentials == azureProfile.json == unattend.txt == access.log == error.log == *.gpg == *.pgp == *config*.php == elasticsearch.y*ml == kibana.y*ml == *.p12 == *.der == *.csr == *.cer == known_hosts == id_rsa == id_dsa == *.ovpn == anaconda-ks.cfg == hostapd.conf == rsyncd.conf == cesi.conf == supervisord.conf == tomcat-users.xml == *.kdbx == KeePass.config == Ntds.dit == SAM == SYSTEM == FreeSSHDservice.ini == sysprep.inf == sysprep.xml == unattend.xml == unattended.xml == *vnc*.ini == *vnc*.c*nf* == *vnc*.txt == *vnc*.xml == groups.xml == services.xml == scheduledtasks.xml == printers.xml == drives.xml == datasources.xml == php.ini == https.conf == https-xampp.conf == httpd.conf == my.ini == my.cnf == access.log == error.log == server.xml == SiteList.xml == ConsoleHost_history.txt == setupinfo == setupinfo.bak  2>nul"""," "," ",8496,,"C:\Windows\System32\cmd.exe",,455082d715fd23eac6e103ddb71528f3
"2024-02-02T18:20:11.000+0300",SYSTEM,"C:\Windows\system32\svchost.exe -k netsvcs -p -s gpsvc"," "," ",6692,,"C:\Windows\System32\svchost.exe",,5742c75eb1112c79085c05b69d75c404
"2024-02-02T18:20:11.000+0300",SYSTEM,"C:\Windows\system32\svchost.exe -k wsappx -p -s AppXSvc"," "," ",10668,,"C:\Windows\System32\svchost.exe",,5742c75eb1112c79085c05b69d75c404
"2024-02-02T18:20:11.000+0300",SYSTEM,"C:\Windows\system32\svchost.exe -k netsvcs -p"," "," ",2976,,"C:\Windows\System32\svchost.exe",,5742c75eb1112c79085c05b69d75c404
"2024-02-02T18:20:11.000+0300",SYSTEM,"C:\Windows\System32\svchost.exe -k netsvcs -p -s BITS"," "," ",11728,,"C:\Windows\System32\svchost.exe",,5742c75eb1112c79085c05b69d75c404
"2024-02-02T18:20:11.000+0300",SYSTEM,"C:\Windows\sysWOW64\wbem\wmiprvse.exe"," "," ",3960,,"C:\Windows\SysWOW64\wbem\WmiPrvSE.exe",,2c1e4feccef57399b8f277bb0072bbd8
"2024-02-02T18:20:11.000+0300",SYSTEM,"C:\Windows\sysWOW64\wbem\wmiprvse.exe"," "," ",9848,,"C:\Windows\SysWOW64\wbem\WmiPrvSE.exe",,2c1e4feccef57399b8f277bb0072bbd8
"2024-02-02T18:20:11.000+0300",johndoe,"findstr  /v "".dll"""," "," ",1440,,"C:\Windows\System32\findstr.exe",,fa3b8a909fd5b8c22ce292adb392cd47
"2024-02-02T18:20:11.000+0300",SYSTEM,"C:\Windows\system32\svchost.exe -k netsvcs -p -s wuauserv"," "," ",12068,,"C:\Windows\System32\svchost.exe",,5742c75eb1112c79085c05b69d75c404
"2024-02-02T18:20:11.000+0300",SYSTEM,"C:\Windows\system32\svchost.exe -k netsvcs -p -s gpsvc"," "," ",1460,,"C:\Windows\System32\svchost.exe",,5742c75eb1112c79085c05b69d75c404
"2024-02-02T18:20:11.000+0300",johndoe,"C:\Windows\system32\cmd.exe  /S /D /c"" dir /s/b /A:-D RDCMan.settings == *.rdg == SCClient.exe == *_history == .sudo_as_admin_successful == .profile == *bashrc == httpd.conf == *.plan == .htpasswd == .git-credentials == *.rhosts == hosts.equiv == Dockerfile == docker-compose.yml == appcmd.exe == TypedURLs == TypedURLsTime == History == Bookmarks == Cookies == ""Login Data"" == places.sqlite == key3.db == key4.db == credentials == credentials.db == access_tokens.db == accessTokens.json == legacy_credentials == azureProfile.json == unattend.txt == access.log == error.log == *.gpg == *.pgp == *config*.php == elasticsearch.y*ml == kibana.y*ml == *.p12 == *.der == *.csr == *.cer == known_hosts == id_rsa == id_dsa == *.ovpn == anaconda-ks.cfg == hostapd.conf == rsyncd.conf == cesi.conf == supervisord.conf == tomcat-users.xml == *.kdbx == KeePass.config == Ntds.dit == SAM == SYSTEM == FreeSSHDservice.ini == sysprep.inf == sysprep.xml == unattend.xml == unattended.xml == *vnc*.ini == *vnc*.c*nf* == *vnc*.txt == *vnc*.xml == groups.xml == services.xml == scheduledtasks.xml == printers.xml == drives.xml == datasources.xml == php.ini == https.conf == https-xampp.conf == httpd.conf == my.ini == my.cnf == access.log == error.log == server.xml == SiteList.xml == ConsoleHost_history.txt == setupinfo == setupinfo.bak  2>nul"""," "," ",8492,,"C:\Windows\System32\cmd.exe",,455082d715fd23eac6e103ddb71528f3
"2024-02-02T18:15:09.000+0300",johndoe,"findstr  /v "".dll"""," "," ",1440,,"C:\Windows\System32\findstr.exe",,fa3b8a909fd5b8c22ce292adb392cd47
"2024-02-02T18:15:09.000+0300",johndoe,"C:\Windows\system32\cmd.exe  /S /D /c"" dir /s/b /A:-D RDCMan.settings == *.rdg == SCClient.exe == *_history == .sudo_as_admin_successful == .profile == *bashrc == httpd.conf == *.plan == .htpasswd == .git-credentials == *.rhosts == hosts.equiv == Dockerfile == docker-compose.yml == appcmd.exe == TypedURLs == TypedURLsTime == History == Bookmarks == Cookies == ""Login Data"" == places.sqlite == key3.db == key4.db == credentials == credentials.db == access_tokens.db == accessTokens.json == legacy_credentials == azureProfile.json == unattend.txt == access.log == error.log == *.gpg == *.pgp == *config*.php == elasticsearch.y*ml == kibana.y*ml == *.p12 == *.der == *.csr == *.cer == known_hosts == id_rsa == id_dsa == *.ovpn == anaconda-ks.cfg == hostapd.conf == rsyncd.conf == cesi.conf == supervisord.conf == tomcat-users.xml == *.kdbx == KeePass.config == Ntds.dit == SAM == SYSTEM == FreeSSHDservice.ini == sysprep.inf == sysprep.xml == unattend.xml == unattended.xml == *vnc*.ini == *vnc*.c*nf* == *vnc*.txt == *vnc*.xml == groups.xml == services.xml == scheduledtasks.xml == printers.xml == drives.xml == datasources.xml == php.ini == https.conf == https-xampp.conf == httpd.conf == my.ini == my.cnf == access.log == error.log == server.xml == SiteList.xml == ConsoleHost_history.txt == setupinfo == setupinfo.bak  2>nul"""," "," ",8492,,"C:\Windows\System32\cmd.exe",,455082d715fd23eac6e103ddb71528f3
"2024-02-02T18:15:09.000+0300",johndoe,"taskhostw.exe"," "," ",9380,,"C:\Windows\System32\taskhostw.exe",,6987b144e3ca5e8b9b01173667bf760f
"2024-02-02T18:15:09.000+0300",johndoe,"""C:\Program Files\Mozilla Firefox\firefox.exe"" -contentproc --channel=2816 -childID 18 -isForBrowser -prefsHandle 5816 -prefMapHandle 6116 -prefsLen 30346 -prefMapSize 243188 -jsInitHandle 1512 -jsInitLen 235124 -parentBuildID 20240118164516 -appDir ""C:\Program Files\Mozilla Firefox\browser"" - {b31c9760-cb1b-4b4d-a678-937b4d9431d1} 8556 ""\\.\pipe\gecko-crash-server-pipe.8556"" 29d8e305158 tab"," "," ",3404,,"C:\Program Files\Mozilla Firefox\firefox.exe",,a29f01819e9054f8db89a4c65d3eac17
"2024-02-02T18:15:09.000+0300",johndoe,"findstr  /v "".dll"""," "," ",5116,,"C:\Windows\System32\findstr.exe",,fa3b8a909fd5b8c22ce292adb392cd47
"2024-02-02T18:15:09.000+0300",SYSTEM,"C:\Windows\winsxs\arm64_microsoft-windows-servicingstack_31bf3856ad364e35_10.0.22000.2592_none_827da31afefdabef\TiWorker.exe -Embedding"," "," ",4824,,"C:\Windows\WinSxS\arm64_microsoft-windows-servicingstack_31bf3856ad364e35_10.0.22000.2592_none_827da31afefdabef\TiWorker.exe",,be6fb50ecb25463395bea5e0e9f0ea70
"2024-02-02T18:15:09.000+0300",SYSTEM,"C:\Windows\system32\svchost.exe -k wsappx -p -s AppXSvc"," "," ",4872,,"C:\Windows\System32\svchost.exe",,5742c75eb1112c79085c05b69d75c404
"2024-02-02T18:15:09.000+0300",SYSTEM,"C:\Windows\system32\svchost.exe -k LocalSystemNetworkRestricted -s WPDBusEnum"," "," ",11452,,"C:\Windows\System32\svchost.exe",,5742c75eb1112c79085c05b69d75c404
"2024-02-02T18:15:09.000+0300",johndoe,"C:\Windows\system32\cmd.exe  /S /D /c"" dir /s/b /A:-D RDCMan.settings == *.rdg == SCClient.exe == *_history == .sudo_as_admin_successful == .profile == *bashrc == httpd.conf == *.plan == .htpasswd == .git-credentials == *.rhosts == hosts.equiv == Dockerfile == docker-compose.yml == appcmd.exe == TypedURLs == TypedURLsTime == History == Bookmarks == Cookies == ""Login Data"" == places.sqlite == key3.db == key4.db == credentials == credentials.db == access_tokens.db == accessTokens.json == legacy_credentials == azureProfile.json == unattend.txt == access.log == error.log == *.gpg == *.pgp == *config*.php == elasticsearch.y*ml == kibana.y*ml == *.p12 == *.der == *.csr == *.cer == known_hosts == id_rsa == id_dsa == *.ovpn == anaconda-ks.cfg == hostapd.conf == rsyncd.conf == cesi.conf == supervisord.conf == tomcat-users.xml == *.kdbx == KeePass.config == Ntds.dit == SAM == SYSTEM == FreeSSHDservice.ini == sysprep.inf == sysprep.xml == unattend.xml == unattended.xml == *vnc*.ini == *vnc*.c*nf* == *vnc*.txt == *vnc*.xml == groups.xml == services.xml == scheduledtasks.xml == printers.xml == drives.xml == datasources.xml == php.ini == https.conf == https-xampp.conf == httpd.conf == my.ini == my.cnf == access.log == error.log == server.xml == SiteList.xml == ConsoleHost_history.txt == setupinfo == setupinfo.bak  2>nul"""," "," ",4280,,"C:\Windows\System32\cmd.exe",,455082d715fd23eac6e103ddb71528f3
"2024-02-02T18:15:09.000+0300",SYSTEM,"C:\Windows\servicing\TrustedInstaller.exe"," "," ",10816,,"C:\Windows\servicing\TrustedInstaller.exe",,5a34817882647d262ef514418a0b671b
"2024-02-02T18:15:09.000+0300",SYSTEM,"C:\Windows\System32\svchost.exe -k wsappx -p -s ClipSVC"," "," ",6008,,"C:\Windows\System32\svchost.exe",,5742c75eb1112c79085c05b69d75c404
"2024-02-02T18:15:09.000+0300",johndoe,"C:\Windows\System32\smartscreen.exe -Embedding"," "," ",8052,,"C:\Windows\System32\smartscreen.exe",,3c9555e0d039d2711729f665311aec58
"2024-02-02T18:15:09.000+0300",johndoe,"""C:\Program Files\Mozilla Firefox\firefox.exe"" -contentproc --channel=9432 -childID 14 -isForBrowser -prefsHandle 9140 -prefMapHandle 9144 -prefsLen 30296 -prefMapSize 243188 -jsInitHandle 1512 -jsInitLen 235124 -parentBuildID 20240118164516 -appDir ""C:\Program Files\Mozilla Firefox\browser"" - {e15b824e-b062-4ec7-8d1e-93cb3232eca2} 8556 ""\\.\pipe\gecko-crash-server-pipe.8556"" 29d98e90a18 tab"," "," ",10472,,"C:\Program Files\Mozilla Firefox\firefox.exe",,a29f01819e9054f8db89a4c65d3eac17
"2024-02-02T18:15:09.000+0300",SYSTEM,"""C:\Program Files (x86)\Microsoft Policy Platform\policyHost.exe"" /service"," "," ",8340,,"C:\Program Files (x86)\Microsoft Policy Platform\policyHost.exe",,7674582141c6d6da9a8e7a15440b4a19
